time_days,rate_emm13,rate_source,rate_bkg,rate_total,err
0.0,0.008117465223044561,0.00798611111111111,0.00032407407407407406,0.008310185185185184,0.00044559438460655624
0.5,0.011245086034636692,0.01099537037037037,0.0002777777777777778,0.011273148148148148,0.0005168572928933462
1.0,0.01068609564067381,0.012037037037037037,0.00018518518518518518,0.012222222222222223,0.0005376902160977745
1.5,0.008092817830468703,0.007407407407407408,0.00018518518518518518,0.007592592592592593,0.000426548257468658
2.0,0.008191466227138226,0.008333333333333333,0.0002546296296296296,0.008587962962962962,0.00045275202566654404
2.5,0.009144116583012831,0.008587962962962962,0.00037037037037037035,0.008958333333333332,0.00046212312747597557
3.0,0.007101541902998795,0.0077777777777777776,0.0002314814814814815,0.00800925925925926,0.00043770821065858886
3.5,0.005998328240385665,0.005787037037037037,0.00030092592592592595,0.0060879629629629626,0.0003835544633748753
4.0,0.0051039686829938485,0.005023148148148148,0.00037037037037037035,0.005393518518518519,0.00036199298818365274
4.5,0.005954704009832198,0.005578703703703704,0.00011574074074074075,0.005694444444444445,0.00037148997484330874
5.0,0.005767802990826675,0.005509259259259259,0.0003935185185185185,0.005902777777777778,0.0003779250352560408
5.5,0.005696791381234608,0.005671296296296297,0.0002546296296296296,0.0059259259259259265,0.000378633290976861
6.0,0.00486004426637024,0.004907407407407407,0.00034722222222222224,0.005254629629629629,0.0003575246885433207
6.5,0.00608381499870254,0.005810185185185186,0.0002314814814814815,0.006041666666666667,0.0003821548807086093
7.0,0.007747168991767451,0.007199074074074074,0.0002777777777777778,0.007476851851851852,0.0004233960700527409
7.5,0.007080681031197178,0.006944444444444444,0.00030092592592592595,0.00724537037037037,0.00041702022074381395
8.0,0.007628917721931167,0.00787037037037037,0.00020833333333333335,0.008078703703703703,0.00043954065564633424
8.5,0.005783558666050413,0.006342592592592592,0.0002777777777777778,0.00662037037037037,0.00039929722252556016
9.0,0.005984319945037044,0.0059953703703703705,0.00034722222222222224,0.006342592592592592,0.00039116266535082735
9.5,0.007047192448577239,0.007476851851851852,0.0002777777777777778,0.0077546296296296295,0.00043092258386903887
10.0,0.004916104721675616,0.00525462962962963,0.00030092592592592595,0.005555555555555556,0.0003671372779124322
10.5,0.005302786799543159,0.005486111111111111,0.00016203703703703703,0.005648148148148148,0.000370044764702468
11.0,0.006271822257788957,0.00625,0.00032407407407407406,0.006574074074074074,0.0003979530102804218
11.5,0.008463516071382992,0.008796296296296297,0.0002314814814814815,0.009027777777777779,0.00046385913296629466
12.0,0.005086097698242677,0.005115740740740741,0.0002314814814814815,0.005347222222222223,0.0003605097085637957
12.5,0.003994421701412444,0.0038425925925925928,0.00020833333333333335,0.004050925925925926,0.00031616513289448993
13.0,0.004255702584349533,0.004629629629629629,0.00020833333333333335,0.004837962962962962,0.00034377149560369804
13.5,0.004631164905583852,0.004791666666666666,0.0002314814814814815,0.005023148148148148,0.00034995076123808095
14.0,0.00881740787281115,0.008657407407407407,0.0004166666666666667,0.009074074074074073,0.00046501286945806116
14.5,0.009856734334481034,0.01037037037037037,0.0002546296296296296,0.010624999999999999,0.0005021334801243162
15.0,0.007627594307770206,0.006689814814814815,0.00037037037037037035,0.007060185185185186,0.00041184847991428884
15.5,0.009055295642403234,0.009027777777777777,0.00030092592592592595,0.009328703703703704,0.0004713079387737858
16.0,0.007627306850805824,0.007638888888888889,0.0002314814814814815,0.00787037037037037,0.0004340201114024693
16.5,0.004249875765514429,0.004583333333333333,0.00018518518518518518,0.004768518518518518,0.00034142543973983186
17.0,0.004427901768277877,0.003935185185185185,0.00020833333333333335,0.004143518518518518,0.0003195367558027479
17.5,0.0051369079734009835,0.004861111111111111,0.0002777777777777778,0.005138888888888889,0.0003537579951104362
18.0,0.0066747614282499385,0.006319444444444444,0.00034722222222222224,0.006666666666666666,0.00040063692471114533
18.5,0.005870237416961762,0.005416666666666667,0.00030092592592592595,0.005717592592592593,0.0003722104756341105
19.0,0.006504654398138843,0.007013888888888889,0.0002546296296296296,0.007268518518518519,0.0004176621855901105
19.5,0.007869047302228533,0.0078009259259259256,0.00034722222222222224,0.008148148148148147,0.0004413654928220774
20.0,0.008750831564127499,0.008680555555555556,0.00018518518518518518,0.008865740740740742,0.0004597982578233875
20.5,0.008828850576034677,0.00863425925925926,0.00032407407407407406,0.008958333333333334,0.0004621231274759756
21.0,0.007417750771291655,0.007638888888888889,0.0002314814814814815,0.00787037037037037,0.0004340201114024693
21.5,0.010349634858602847,0.01138888888888889,0.00018518518518518518,0.011574074074074075,0.0005235526135279914
22.0,0.010148481773449458,0.010578703703703703,0.0003935185185185185,0.010972222222222222,0.0005100740958940047
22.5,0.009085914397192491,0.009166666666666667,0.0002777777777777778,0.009444444444444445,0.0004741417055740169
23.0,0.0074278077768025795,0.007222222222222222,0.0002777777777777778,0.0075,0.00042402838218543116
23.5,0.006711886018455482,0.006921296296296296,0.0002314814814814815,0.007152777777777778,0.0004144424175424915
24.0,0.007366358584119688,0.007662037037037037,0.00032407407407407406,0.00798611111111111,0.00043709568851140016
24.5,0.005293840183719218,0.005763888888888889,0.00034722222222222224,0.0061111111111111106,0.00038425234304747863
25.0,0.004604571188078449,0.005115740740740741,0.00018518518518518518,0.005300925925925926,0.0003590203008791783
25.5,0.0069821506952146995,0.006875,0.0002777777777777778,0.007152777777777778,0.0004144424175424915
26.0,0.007171362201726806,0.007615740740740741,0.0001388888888888889,0.0077546296296296295,0.00043092258386903887
26.5,0.00750549485640456,0.008101851851851851,0.00016203703703703703,0.008263888888888888,0.00044439023624233507
27.0,0.007724232382869956,0.007476851851851852,0.0004398148148148148,0.007916666666666667,0.0004352529501648313
27.5,0.008549369602565655,0.008680555555555556,0.0002314814814814815,0.008912037037037038,0.00046096215834144085
28.0,0.01021422924629137,0.00988425925925926,0.00020833333333333335,0.010092592592592592,0.0004897078581357654
28.5,0.012166625532616729,0.012106481481481482,0.00032407407407407406,0.012430555555555556,0.00054215615771793
29.0,0.0076057659660798485,0.007453703703703704,0.0003935185185185185,0.007847222222222222,0.00043340237694217056
29.5,0.007049464628209297,0.006481481481481481,0.0002314814814814815,0.006712962962962963,0.0004019721619308745
30.0,0.00881713778314156,0.00886574074074074,0.00018518518518518518,0.009050925925925926,0.00046443635947127483
30.5,0.00597679710369698,0.006527777777777778,0.00037037037037037035,0.006898148148148149,0.0004072693372559369
31.0,0.004353209042187334,0.004699074074074074,0.00030092592592592595,0.005,0.00034918433316577036
31.5,0.003360328223035097,0.00375,0.0002546296296296296,0.00400462962962963,0.00031446576559748644
32.0,0.004448927094258191,0.004166666666666667,0.0002546296296296296,0.004421296296296296,0.00032944465310763256
32.5,0.008539911316673136,0.009837962962962963,0.0002314814814814815,0.010069444444444445,0.0004891604537953067
33.0,0.006404467043147936,0.006597222222222222,0.00020833333333333335,0.006805555555555555,0.00040462941813236423
33.5,0.006932126050291961,0.006435185185185185,0.00034722222222222224,0.006782407407407407,0.0004039667427591621
34.0,0.006132960529675445,0.005509259259259259,0.0002546296296296296,0.005763888888888889,0.00037364730923311623
34.5,0.0045444456924085,0.004953703703703704,0.0002777777777777778,0.005231481481481482,0.0003567745312593233
35.0,0.002661451539052248,0.0032175925925925926,0.00020833333333333335,0.003425925925925926,0.00029239151606296295
35.5,0.004362551087189767,0.0044675925925925924,0.00030092592592592595,0.004768518518518518,0.00034142543973983186
36.0,0.004342831984532013,0.0042592592592592595,0.00011574074074074075,0.004375,0.0003278141332155023
36.5,0.005448102821061037,0.005300925925925926,0.0002546296296296296,0.005555555555555556,0.0003671372779124322
37.0,0.005053191629137967,0.005416666666666667,0.0001388888888888889,0.005555555555555556,0.0003671372779124322
37.5,0.004537507534542118,0.004652777777777777,0.0004398148148148148,0.005092592592592592,0.00035224003971606944
38.0,0.004241578837276756,0.004143518518518519,0.00034722222222222224,0.0044907407407407405,0.0003318754129929998
38.5,0.006044681756658298,0.006689814814814815,0.0002546296296296296,0.006944444444444445,0.00040858290051624447
39.0,0.006423915730995417,0.00662037037037037,0.00018518518518518518,0.006805555555555555,0.00040462941813236423
39.5,0.005125123161547266,0.004699074074074074,0.00020833333333333335,0.004907407407407407,0.00034610164905366923
40.0,0.005622799501555115,0.005833333333333334,0.00020833333333333335,0.0060416666666666665,0.00038215488070860923
40.5,0.012212758675155219,0.012314814814814815,0.00037037037037037035,0.012685185185185185,0.0005475650680430991
41.0,0.010438615646505361,0.01074074074074074,0.00030092592592592595,0.011041666666666667,0.0005116474309425897
41.5,0.00958132452232911,0.010138888888888888,0.0002314814814814815,0.01037037037037037,0.0004962296116438259
42.0,0.008642110904427739,0.00875,0.0002314814814814815,0.008981481481481483,0.00046270251967205176
42.5,0.010200391645467082,0.009976851851851851,0.00030092592592592595,0.010277777777777778,0.0004940652592739423
43.0,0.007893717363725124,0.0078009259259259256,0.0002314814814814815,0.008032407407407407,0.0004383198768486688
43.5,0.010777953697377794,0.010925925925925926,0.00032407407407407406,0.01125,0.0005163386722436637
44.0,0.013266034138104657,0.014444444444444444,0.0001388888888888889,0.014583333333333332,0.0005863157155334574
44.5,0.013394574166278084,0.013078703703703703,0.0004861111111111111,0.013564814814814814,0.0005658527199927655
45.0,0.017328563593974205,0.018518518518518517,0.00030092592592592595,0.018819444444444444,0.0006646986127964512
45.5,0.012072733385832967,0.011828703703703704,0.0004398148148148148,0.012268518518518519,0.0005386858472362613
46.0,0.01342736237178274,0.013680555555555555,0.00020833333333333335,0.013888888888888888,0.0005724430237157683
46.5,0.0143314668005557,0.014398148148148148,0.00018518518518518518,0.014583333333333334,0.0005863157155334574
47.0,0.012039041285074466,0.012083333333333333,0.00020833333333333335,0.012291666666666666,0.0005391829733729889
47.5,0.008520585541306283,0.00849537037037037,0.0002546296296296296,0.008749999999999999,0.0004568755345649176
48.0,0.010065058336449524,0.010231481481481482,0.0002777777777777778,0.01050925925925926,0.000499458554885502
48.5,0.008917040879997411,0.008657407407407407,0.00020833333333333335,0.00886574074074074,0.0004597982578233875
49.0,0.008945490545672112,0.009768518518518518,0.0002546296296296296,0.010023148148148147,0.0004880638032387293
49.5,0.010666750298393514,0.010578703703703703,0.00030092592592592595,0.01087962962962963,0.0005079687355057708
50.0,0.00842839209012966,0.00800925925925926,0.00016203703703703703,0.008171296296296296,0.0004419720975545446
50.5,0.008795433575550607,0.008402777777777778,0.0002777777777777778,0.008680555555555556,0.0004551128912653578
51.0,0.008164389010153998,0.008402777777777778,0.0002546296296296296,0.008657407407407407,0.00045452382449462955
51.5,0.013405147028874928,0.013564814814814814,0.0002777777777777778,0.013842592592592592,0.0005715062045817827
52.0,0.013580656412007836,0.013888888888888888,0.00034722222222222224,0.01423611111111111,0.0005794208891998811
52.5,0.011639745173983121,0.011805555555555555,0.000462962962962963,0.012268518518518519,0.0005386858472362613
53.0,0.012381910766632288,0.012569444444444444,0.00020833333333333335,0.012777777777777777,0.0005495187447137706
53.5,0.012104046886760008,0.011689814814814814,0.00034722222222222224,0.012037037037037037,0.0005336891177321892
54.0,0.009820109103291919,0.009583333333333333,0.00020833333333333335,0.009791666666666666,0.0004825431674005621
54.5,0.011314499111794244,0.011134259259259259,0.00037037037037037035,0.011504629629629629,0.0005220151615077137
55.0,0.010666919195460837,0.010393518518518519,0.00034722222222222224,0.010740740740740742,0.0005047942310240878
55.5,0.013933767960161833,0.01361111111111111,0.0002546296296296296,0.01386574074074074,0.0005719748059470479
56.0,0.016670412542242496,0.017824074074074076,0.00018518518518518518,0.01800925925925926,0.0006504382823599985
56.5,0.016996142811930813,0.017106481481481483,0.00020833333333333335,0.017314814814814818,0.0006379614849493398
57.0,0.009383465066318524,0.008402777777777778,0.0002546296296296296,0.008657407407407407,0.00045452382449462955
57.5,0.014002036884410412,0.012615740740740742,0.00030092592592592595,0.012916666666666668,0.000552436305258742
58.0,0.008836129934286088,0.00900462962962963,0.0002314814814814815,0.009236111111111112,0.00046902859838227366
58.5,0.010290367581320344,0.010462962962962962,0.00030092592592592595,0.010763888888888889,0.0005053247000077165
59.0,0.01157348584849693,0.01136574074074074,0.00032407407407407406,0.011689814814814814,0.0005261050493441717
59.5,0.007868139569342875,0.007106481481481482,0.00030092592592592595,0.007407407407407408,0.00042149344223610364
60.0,0.007619176804181753,0.0075,0.00018518518518518518,0.007685185185185185,0.00042905333351496406
60.5,0.008323409182302144,0.008287037037037037,0.00016203703703703703,0.008449074074074074,0.00044918746216811
61.0,0.009597918666255386,0.009953703703703704,0.0002314814814814815,0.010185185185185186,0.0004918913837125767
61.5,0.010509023205394222,0.011597222222222222,0.0002546296296296296,0.011851851851851851,0.0005296577954531148
62.0,0.010540303197198467,0.01087962962962963,0.0002777777777777778,0.011157407407407408,0.0005142589594781943
62.5,0.009222545536698141,0.008773148148148148,0.0002777777777777778,0.009050925925925926,0.00046443635947127483
63.0,0.008467142520141292,0.008055555555555555,0.00037037037037037035,0.008425925925925925,0.0004485906144875733
63.5,0.00792964225780645,0.0075,0.0001388888888888889,0.007638888888888889,0.0004278026291117503
64.0,0.008337699527438252,0.0077546296296296295,0.00037037037037037035,0.008125,0.0004407580532348634
64.5,0.006296330222132377,0.0060416666666666665,0.00030092592592592595,0.006342592592592592,0.00039116266535082735
65.0,0.0064655816796809415,0.006666666666666667,0.00030092592592592595,0.006967592592592593,0.00040923810105726464
65.5,0.008456580441117268,0.008333333333333333,0.00032407407407407406,0.008657407407407407,0.00045452382449462955
66.0,0.007858545460000881,0.0077314814814814815,0.00032407407407407406,0.008055555555555555,0.000438930690660064
66.5,0.007900187813028592,0.0077777777777777776,0.00018518518518518518,0.007962962962962963,0.00043648230680357064
67.0,0.009997644116826519,0.01050925925925926,0.00037037037037037035,0.01087962962962963,0.0005079687355057708
67.5,0.007321688307120429,0.007314814814814815,0.0002546296296296296,0.007569444444444445,0.0004259196863105296
68.0,0.007675622217768111,0.007453703703703704,0.00034722222222222224,0.0078009259259259256,0.00043216425906563127
68.5,0.008369649655639345,0.007962962962962963,0.00030092592592592595,0.00826388888888889,0.00044439023624233507
69.0,0.007885747746813178,0.007939814814814814,0.00016203703703703703,0.008101851851851851,0.00044014977533641663
69.5,0.006230160457891094,0.006412037037037037,0.0002777777777777778,0.006689814814814815,0.00040130509865274897
70.0,0.006487062391721198,0.006504629629629629,0.0003935185185185185,0.006898148148148148,0.0004072693372559369
70.5,0.00742361922947938,0.006944444444444444,0.00034722222222222224,0.007291666666666666,0.00041830316522182393
71.0,0.008874928906930906,0.009398148148148149,0.0002546296296296296,0.009652777777777777,0.0004792002585859436
71.5,0.007476821505584428,0.00787037037037037,0.00030092592592592595,0.008171296296296296,0.0004419720975545446
72.0,0.006558257151034954,0.006412037037037037,0.0002777777777777778,0.006689814814814815,0.00040130509865274897
72.5,0.006406202734942434,0.0061574074074074074,0.0003935185185185185,0.006550925925925926,0.00039727919858527816
73.0,0.00765586413226475,0.007638888888888889,0.00034722222222222224,0.00798611111111111,0.00043709568851140016
73.5,0.008997073577701954,0.009398148148148149,0.000462962962962963,0.009861111111111112,0.0004842059672216285
74.0,0.00828515682249764,0.00798611111111111,0.00018518518518518518,0.008171296296296296,0.0004419720975545446
74.5,0.007891808562514396,0.0078009259259259256,0.00018518518518518518,0.00798611111111111,0.00043709568851140016
75.0,0.006578767451719567,0.006643518518518518,0.00016203703703703703,0.006805555555555555,0.00040462941813236423
75.5,0.003829464147708016,0.003912037037037037,0.00030092592592592595,0.004212962962962963,0.00032204230870649714
76.0,0.005579750422346664,0.005185185185185185,0.0002777777777777778,0.005462962962962963,0.0003642065811901207
76.5,0.006798826254985361,0.006666666666666667,0.00018518518518518518,0.006851851851851852,0.00040595152363738317
77.0,0.00441933058358977,0.00537037037037037,0.00030092592592592595,0.005671296296296296,0.0003707680739308517
77.5,0.006984174587982618,0.006921296296296296,0.00016203703703703703,0.007083333333333333,0.00041249849353712677
78.0,0.005123795397839394,0.005,0.00037037037037037035,0.005370370370370371,0.0003612521096567348
78.5,0.004866177179885817,0.0038194444444444443,0.00037037037037037035,0.004189814814814815,0.0003212092959961187
79.0,0.004484834170863479,0.004768518518518518,0.0002546296296296296,0.005023148148148148,0.00034995076123808095
79.5,0.004717656036577022,0.005324074074074074,0.00020833333333333335,0.005532407407407407,0.0003664068013427996
80.0,0.004019861721283068,0.004120370370370371,0.0002777777777777778,0.004398148148148148,0.00032863040440367006
80.5,0.005887825184428917,0.005902777777777778,0.0002546296296296296,0.0061574074074074074,0.00038564431366591473
81.0,0.004120976351054455,0.0044907407407407405,0.0002314814814814815,0.004722222222222222,0.0003398524052822936
81.5,0.004064826868276645,0.004629629629629629,0.00032407407407407406,0.004953703703703703,0.00034764640801113775
82.0,0.004244539440074138,0.0036342592592592594,0.0002777777777777778,0.003912037037037037,0.00031103917869306885
82.5,0.005263945536895328,0.005069444444444444,0.00034722222222222224,0.005416666666666666,0.0003627323534740439
83.0,0.006482040883560413,0.006782407407407407,0.00018518518518518518,0.006967592592592592,0.00040923810105726464
83.5,0.005998499204536599,0.005648148148148148,0.00034722222222222224,0.00599537037037037,0.0003807501534130145
84.0,0.0044888058765324215,0.004537037037037037,0.00020833333333333335,0.00474537037037037,0.0003406398305231626
84.5,0.00667667419030222,0.007268518518518519,0.0002546296296296296,0.007523148148148149,0.00042465975281568975
85.0,0.006253351448200618,0.005625,0.0002777777777777778,0.005902777777777778,0.0003779250352560408
85.5,0.00642449232238759,0.006990740740740741,0.00032407407407407406,0.007314814814814815,0.00041894316416106513
86.0,0.007489978622849285,0.007291666666666667,6.944444444444444e-05,0.007361111111111111,0.00042022023787849914
86.5,0.008381436849692404,0.007523148148148148,0.0002777777777777778,0.0078009259259259256,0.00043216425906563127
87.0,0.00662947452607869,0.006527777777777778,0.00030092592592592595,0.006828703703703704,0.00040529100999260305
87.5,0.005661379939813218,0.005092592592592593,0.0002777777777777778,0.005370370370370371,0.0003612521096567348
88.0,0.006452919338365967,0.006412037037037037,0.00030092592592592595,0.006712962962962963,0.0004019721619308745
88.5,0.007619814935175037,0.007337962962962963,0.00032407407407407406,0.007662037037037037,0.0004284284377088131
89.0,0.009547117323066918,0.009907407407407408,0.00034722222222222224,0.010254629629629631,0.0004935226880891487
89.5,0.009112591499793295,0.008333333333333333,0.00016203703703703703,0.00849537037037037,0.00045037878468507427
90.0,0.005953454439039945,0.005833333333333334,0.00020833333333333335,0.0060416666666666665,0.00038215488070860923
90.5,0.006341227855293278,0.007453703703703704,0.00030092592592592595,0.0077546296296296295,0.00043092258386903887
91.0,0.00574302873214398,0.006388888888888889,0.00016203703703703703,0.006550925925925926,0.00039727919858527816
91.5,0.005498985098515265,0.005925925925925926,0.00032407407407407406,0.0062499999999999995,0.0003884132898261964
92.0,0.006310026984624826,0.006504629629629629,0.00037037037037037035,0.006875,0.00040661096432118195
92.5,0.007758805102910005,0.008148148148148147,0.00030092592592592595,0.008449074074074074,0.00044918746216811
93.0,0.007333396489187264,0.007013888888888889,0.0002546296296296296,0.007268518518518519,0.0004176621855901105
93.5,0.00696695758206215,0.007291666666666667,0.0002777777777777778,0.007569444444444445,0.0004259196863105296
94.0,0.0062291594395471545,0.0059722222222222225,0.0002314814814814815,0.006203703703703704,0.0003870312780489862
94.5,0.00746753481660465,0.006921296296296296,0.00037037037037037035,0.007291666666666667,0.00041830316522182393
95.0,0.007278619644186444,0.006990740740740741,0.0001388888888888889,0.00712962962962963,0.00041379545755817115
95.5,0.009430985283749856,0.00986111111111111,0.00030092592592592595,0.010162037037037037,0.000491346412023111
96.0,0.00991304433089962,0.010648148148148148,0.0001388888888888889,0.010787037037037036,0.0005058546127105864
96.5,0.007625644443941865,0.008055555555555555,0.00018518518518518518,0.008240740740740741,0.0004437869368343662
97.0,0.009092015908828353,0.009282407407407408,0.00020833333333333335,0.00949074074074074,0.0004752704813998182
97.5,0.007282071173520772,0.006921296296296296,0.00030092592592592595,0.007222222222222222,0.00041637726612596263
98.0,0.00528613119560075,0.004976851851851852,0.00020833333333333335,0.005185185185185185,0.0003552694648149945
98.5,0.006779569166175843,0.007453703703703704,0.0002314814814814815,0.0076851851851851855,0.00042905333351496406
99.0,0.006503262046138912,0.006574074074074074,0.00016203703703703703,0.006736111111111111,0.0004026381200657357
99.5,0.00865462746292704,0.008587962962962962,0.00016203703703703703,0.008749999999999999,0.0004568755345649176
100.0,0.005103961972368115,0.005300925925925926,0.0002777777777777778,0.005578703703703704,0.000367866303968764
100.5,0.005672576473852395,0.005486111111111111,0.0003935185185185185,0.00587962962962963,0.00037721544972414776
101.0,0.005665908467170551,0.005277777777777778,0.0002777777777777778,0.005555555555555556,0.0003671372779124322
101.5,0.004664369286368065,0.005439814814814815,0.0002546296296296296,0.005694444444444445,0.00037148997484330874
102.0,0.004797617842812923,0.005185185185185185,0.0002546296296296296,0.005439814814814815,0.00036347021476251307
102.5,0.006351452388254744,0.0061574074074074074,0.00034722222222222224,0.006504629629629629,0.00039592813502349595
103.0,0.0072356562202842405,0.008240740740740741,0.0005092592592592592,0.00875,0.0004568755345649177
103.5,0.008586622723741366,0.008518518518518519,0.0002314814814814815,0.00875,0.0004568755345649177
104.0,0.007107053155194909,0.006990740740740741,0.0004166666666666667,0.007407407407407408,0.00042149344223610364
104.5,0.0051386387216371685,0.005486111111111111,0.00016203703703703703,0.005648148148148148,0.000370044764702468
105.0,0.005237696073069026,0.00525462962962963,0.00018518518518518518,0.005439814814814815,0.00036347021476251307
105.5,0.006945079931764595,0.007314814814814815,0.000462962962962963,0.0077777777777777776,0.0004315438680494226
106.0,0.006547410458781568,0.0061342592592592594,0.00011574074074074075,0.00625,0.00038841328982619646
106.5,0.011008740740709141,0.011180555555555555,0.0002314814814814815,0.011412037037037037,0.0005199581538866084
107.0,0.009494564995204206,0.008912037037037038,0.00030092592592592595,0.009212962962962964,0.00046845703040700713
107.5,0.006545492086886146,0.006574074074074074,0.00032407407407407406,0.006898148148148148,0.0004072693372559369
108.0,0.005219702957474274,0.004629629629629629,0.00020833333333333335,0.004837962962962962,0.00034377149560369804
108.5,0.005788206206949542,0.006527777777777778,0.00030092592592592595,0.006828703703703704,0.00040529100999260305
109.0,0.0039890292609768,0.004097222222222223,0.0002777777777777778,0.004375,0.0003278141332155023
109.5,0.0060943916947802735,0.006875,0.0004398148148148148,0.007314814814814815,0.00041894316416106513
110.0,0.007749671447195804,0.008402777777777778,0.00030092592592592595,0.008703703703703705,0.0004557011965735904
110.5,0.008548109650554078,0.008680555555555556,0.00020833333333333335,0.008888888888888889,0.00046038057589358714
111.0,0.010163026634878964,0.009699074074074074,0.00034722222222222224,0.010046296296296296,0.0004886124361848987
111.5,0.007748994268636332,0.007824074074074074,0.00011574074074074075,0.007939814814814814,0.0004358680619062123
112.0,0.006511381655935239,0.006458333333333333,0.00018518518518518518,0.006643518518518518,0.0003999676345397404
112.5,0.004063632469989607,0.004143518518518519,0.00030092592592592595,0.0044444444444444444,0.00033025689428670065
113.0,0.00311822568848448,0.0036342592592592594,0.0002546296296296296,0.0038888888888888888,0.00031017661729951566
113.5,0.003355256122354717,0.003703703703703704,0.00018518518518518518,0.003888888888888889,0.0003101766172995157
114.0,0.006505152839026002,0.007037037037037037,0.0002777777777777778,0.007314814814814815,0.00041894316416106513
114.5,0.0069610347820020955,0.007199074074074074,0.0006018518518518519,0.0078009259259259256,0.00043216425906563127
115.0,0.0071129155463121934,0.007291666666666667,0.00018518518518518518,0.007476851851851852,0.0004233960700527409
115.5,0.005877355811778709,0.0061805555555555555,0.0002314814814814815,0.006412037037037037,0.000393212081518904
116.0,0.007031699833544701,0.006574074074074074,0.00030092592592592595,0.006875,0.00040661096432118195
116.5,0.008183470953744469,0.007453703703703704,0.00030092592592592595,0.0077546296296296295,0.00043092258386903887
117.0,0.005410655487369789,0.005532407407407408,0.00037037037037037035,0.0059027777777777785,0.0003779250352560408
117.5,0.00807095578777634,0.007546296296296297,0.0002777777777777778,0.007824074074074074,0.0004327837607586896
118.0,0.007661619993199593,0.0075,0.0001388888888888889,0.007638888888888889,0.0004278026291117503
118.5,0.008883742880517277,0.008981481481481481,0.00032407407407407406,0.009305555555555555,0.0004707391383648761
119.0,0.008010296898609739,0.007175925925925926,0.0002777777777777778,0.007453703703703704,0.00042276281219309823
119.5,0.007259805377133865,0.006990740740740741,0.00018518518518518518,0.007175925925925926,0.0004150883691711362
120.0,0.007808803170699439,0.007407407407407408,0.0002546296296296296,0.0076620370370370375,0.00042842843770881316
120.5,0.007524757777439695,0.006990740740740741,0.0002314814814814815,0.007222222222222223,0.00041637726612596263
121.0,0.008042643272569507,0.008125,0.0001388888888888889,0.008263888888888888,0.00044439023624233507
121.5,0.007638944327562342,0.008101851851851851,0.00037037037037037035,0.008472222222222221,0.0004497835178524396
122.0,0.008890698299556942,0.008217592592592592,0.0002546296296296296,0.008472222222222221,0.0004497835178524396
122.5,0.009296948113714593,0.010185185185185186,0.00034722222222222224,0.010532407407407409,0.0004999946847827511
123.0,0.011084326821587538,0.011203703703703704,0.00032407407407407406,0.011527777777777777,0.0005225281481476505
123.5,0.01170076594968432,0.011620370370370371,0.0002546296296296296,0.011875,0.0005301633871241414
124.0,0.016629543563858016,0.016712962962962964,0.0003935185185185185,0.017106481481481483,0.0006341705806914801
124.5,0.009918035302172985,0.00974537037037037,0.0002314814814814815,0.009976851851851851,0.00048696468301764537
125.0,0.00770928043230782,0.00787037037037037,0.0001388888888888889,0.008009259259259258,0.0004377082106585888
125.5,0.006801783823593992,0.006643518518518518,0.0002777777777777778,0.006921296296296296,0.0004079266476115267
126.0,0.007421077825118926,0.007291666666666667,0.0002777777777777778,0.007569444444444445,0.0004259196863105296
126.5,0.007847935740916618,0.008148148148148147,0.0002777777777777778,0.008425925925925925,0.0004485906144875733
127.0,0.008631291663574478,0.00900462962962963,0.00034722222222222224,0.009351851851851853,0.00047187605354995845
127.5,0.01164486958405046,0.012361111111111111,0.0003935185185185185,0.01275462962962963,0.0005490309772946419
128.0,0.012228886318802779,0.011712962962962963,0.00030092592592592595,0.01201388888888889,0.0005331868693273249
128.5,0.012821879869553725,0.012129629629629629,0.0002314814814814815,0.012361111111111111,0.0005406716092633338
129.0,0.010947720017776679,0.011643518518518518,0.00032407407407407406,0.011967592592592592,0.0005321809505212459
129.5,0.012341588901757197,0.01238425925925926,0.0002314814814814815,0.012615740740740742,0.0005460952237961599
130.0,0.008871734154977618,0.009166666666666667,0.0002777777777777778,0.009444444444444445,0.0004741417055740169
130.5,0.008234315617839879,0.007916666666666667,0.0002546296296296296,0.008171296296296296,0.0004419720975545446
131.0,0.006155551551638558,0.006296296296296296,0.0002314814814814815,0.006527777777777778,0.0003966042421178476
131.5,0.0058405846603332345,0.00537037037037037,0.0002777777777777778,0.005648148148148148,0.000370044764702468
132.0,0.007140648371472441,0.006805555555555555,0.00018518518518518518,0.00699074074074074,0.00040989225428110314
132.5,0.012664355611159554,0.012314814814814815,0.00020833333333333335,0.012523148148148148,0.0005441292552346578
133.0,0.009491447295051544,0.009166666666666667,0.00020833333333333335,0.009375,0.0004724434851668206
133.5,0.010882500534090626,0.011018518518518518,0.00020833333333333335,0.01122685185185185,0.0005158195301572644
134.0,0.00965892356280518,0.00949074074074074,0.00030092592592592595,0.009791666666666667,0.00048254316740056215
134.5,0.011798496119839042,0.011226851851851852,0.0002314814814814815,0.011458333333333334,0.0005209876729045968
135.0,0.009295009162330775,0.00986111111111111,0.00034722222222222224,0.010208333333333333,0.0004924357522899428
135.5,0.010122921149064448,0.010277777777777778,0.0002546296296296296,0.010532407407407407,0.000499994684782751
136.0,0.011293593780705878,0.01136574074074074,0.0002314814814814815,0.011597222222222222,0.000524064095216109
136.5,0.010191973438484003,0.010717592592592593,0.00030092592592592595,0.01101851851851852,0.0005111235240403864
137.0,0.008489023885888156,0.00886574074074074,0.00018518518518518518,0.009050925925925926,0.00046443635947127483
137.5,0.007844990312207771,0.0077777777777777776,0.00030092592592592595,0.008078703703703704,0.00043954065564633435
138.0,0.007767339573331192,0.008356481481481482,0.00020833333333333335,0.008564814814814815,0.00045215988320777676
138.5,0.012277499753264878,0.011620370370370371,0.00037037037037037035,0.011990740740740741,0.0005326841473710151
139.0,0.010891968713407519,0.010833333333333334,0.00034722222222222224,0.011180555555555556,0.0005147796753624639
139.5,0.009000109701065902,0.009398148148148149,0.00030092592592592595,0.009699074074074075,0.0004803171466377319
140.0,0.007752824540973039,0.007592592592592593,0.0002777777777777778,0.00787037037037037,0.0004340201114024693
140.5,0.008402641370581169,0.0075,0.00018518518518518518,0.007685185185185185,0.00042905333351496406
141.0,0.00832247041255854,0.008171296296296296,0.0002546296296296296,0.008425925925925925,0.0004485906144875733
141.5,0.009708606673018216,0.010023148148148147,0.0002777777777777778,0.010300925925925925,0.0004946072352727125
142.0,0.009976493367926614,0.010115740740740741,0.0002314814814814815,0.010347222222222223,0.0004956894095192005
142.5,0.009471751585880199,0.009212962962962963,0.00032407407407407406,0.009537037037037037,0.0004763965827075087
143.0,0.009901476896238912,0.008564814814814815,9.259259259259259e-05,0.008657407407407407,0.00045452382449462955
143.5,0.013810482481015803,0.014722222222222222,0.00034722222222222224,0.015069444444444444,0.00059583444873385
144.0,0.016227864723052585,0.01574074074074074,0.0004166666666666667,0.016157407407407405,0.0006166060477682131
144.5,0.01641581957280112,0.017106481481481483,0.00030092592592592595,0.01740740740740741,0.0006396391196053609
145.0,0.01843477017308589,0.018912037037037036,0.00018518518518518518,0.01909722222222222,0.0006695179512199728
145.5,0.01344345990861886,0.014166666666666666,0.00037037037037037035,0.014537037037037036,0.000585401097330824
146.0,0.014316255171368461,0.014722222222222222,0.00037037037037037035,0.015092592592592591,0.000596283931580132
146.5,0.012886387800318503,0.012662037037037038,0.0002314814814814815,0.01289351851851852,0.0005519511161373273
147.0,0.01432178985928997,0.015,0.00011574074074074075,0.01511574074074074,0.000596733075858334
147.5,0.013658220462337518,0.013171296296296296,0.00018518518518518518,0.013356481481481481,0.0005615752575203199
148.0,0.009606544988645051,0.010185185185185186,0.00011574074074074075,0.010300925925925927,0.0004946072352727125
148.5,0.012281739510378378,0.012083333333333333,0.00020833333333333335,0.012291666666666666,0.0005391829733729889
149.0,0.011815303652611735,0.012268518518518519,0.0002546296296296296,0.012523148148148148,0.0005441292552346578
149.5,0.01114134596369195,0.011203703703703704,0.0003935185185185185,0.011597222222222222,0.000524064095216109
150.0,0.014880104538458562,0.014212962962962964,0.00020833333333333335,0.014421296296296297,0.0005831082754880862
150.5,0.018151528485650697,0.02,9.259259259259259e-05,0.020092592592592592,0.0006865094812174121
151.0,0.014109229028606026,0.014189814814814815,0.00020833333333333335,0.014398148148148148,0.0005826486284030893
151.5,0.01214916196662094,0.011087962962962963,0.0002546296296296296,0.011342592592592592,0.0005184100418636815
152.0,0.01161552467711729,0.012060185185185186,0.00020833333333333335,0.012268518518518519,0.0005386858472362613
152.5,0.01535398000715714,0.015509259259259259,0.0001388888888888889,0.015648148148148147,0.0006069716709741784
153.0,0.013239606529689725,0.013333333333333334,0.00020833333333333335,0.013541666666666667,0.0005653790445006982
153.5,0.012809644377460067,0.012430555555555556,0.0002314814814814815,0.012662037037037038,0.0005470755587470117
154.0,0.01759498896590051,0.01752314814814815,0.00037037037037037035,0.01789351851851852,0.000648375489470401
154.5,0.010160245178987275,0.01,0.0002777777777777778,0.010277777777777778,0.0004940652592739423
155.0,0.011009020112703539,0.011041666666666667,0.00030092592592592595,0.011342592592592593,0.0005184100418636816
155.5,0.016245653760555655,0.015949074074074074,0.00032407407407407406,0.016273148148148148,0.0006187747586624547
156.0,0.01581301065798438,0.015856481481481482,0.00034722222222222224,0.016203703703703703,0.0006174744461673804
156.5,0.017868566288864407,0.01675925925925926,0.00020833333333333335,0.016967592592592593,0.0006316306712299819
157.0,0.018530403071390172,0.017824074074074076,0.00020833333333333335,0.01803240740740741,0.0006508500564047865
157.5,0.01832951302702779,0.01888888888888889,0.00018518518518518518,0.019074074074074073,0.0006691176654693114
158.0,0.015563722048722327,0.015787037037037037,0.0002314814814814815,0.01601851851851852,0.0006139934833271476
158.5,0.01562807652406289,0.014837962962962963,0.0002314814814814815,0.015069444444444444,0.00059583444873385
159.0,0.01627502208169771,0.01659722222222222,0.0002777777777777778,0.016874999999999998,0.0006299317088285705
159.5,0.0159282013933356,0.015555555555555555,0.00030092592592592595,0.015856481481481482,0.0006109313711288559
160.0,0.014327640399509565,0.013425925925925926,0.0004166666666666667,0.013842592592592592,0.0005715062045817827
160.5,0.017779978841075777,0.01775462962962963,0.0001388888888888889,0.01789351851851852,0.000648375489470401
161.0,0.017979368235370562,0.018564814814814815,0.0002777777777777778,0.01884259259259259,0.0006651015581219271
161.5,0.023967663030946298,0.023958333333333335,0.00016203703703703703,0.024120370370370372,0.0007513526898263021
162.0,0.02015260007184751,0.020578703703703703,0.00030092592592592595,0.02087962962962963,0.0006996525693033745
162.5,0.018515548548771823,0.01875,0.00030092592592592595,0.019050925925925926,0.0006687171401126284
163.0,0.022380872226670994,0.02238425925925926,0.00030092592592592595,0.022685185185185187,0.0007289094492613779
163.5,0.012426931047733226,0.011851851851851851,0.00032407407407407406,0.012175925925925925,0.0005366927379440626
164.0,0.011016909732630293,0.010787037037037038,0.00011574074074074075,0.010902777777777779,0.0005084958928192247
164.5,0.009878336753280044,0.010185185185185186,0.00032407407407407406,0.01050925925925926,0.000499458554885502
165.0,0.00799213274949299,0.00798611111111111,0.00018518518518518518,0.008171296296296296,0.0004419720975545446
165.5,0.009396242529683239,0.010185185185185186,0.00030092592592592595,0.010486111111111113,0.0004989218488757787
166.0,0.00885932163438455,0.008611111111111111,0.0002546296296296296,0.00886574074074074,0.0004597982578233875
166.5,0.009883230500638487,0.00974537037037037,0.00016203703703703703,0.009907407407407406,0.0004853113353491859
167.0,0.011531094746659733,0.01037037037037037,0.0002546296296296296,0.010624999999999999,0.0005021334801243162
167.5,0.015676238804765815,0.015856481481481482,0.0002777777777777778,0.016134259259259258,0.0006161713896162716
168.0,0.01538742371091185,0.014444444444444444,0.0002314814814814815,0.014675925925925926,0.0005881406849829933
168.5,0.01269067522792728,0.013472222222222222,0.00032407407407407406,0.013796296296296296,0.0005705678472803188
169.0,0.010837114937667584,0.010763888888888889,0.00016203703703703703,0.010925925925925926,0.0005090225041947644
169.5,0.009761790769452442,0.008726851851851852,0.0002314814814814815,0.008958333333333334,0.0004621231274759756
170.0,0.008175872148963637,0.008587962962962962,0.0002546296296296296,0.008842592592592591,0.000459215201332375
170.5,0.008729284659495472,0.008657407407407407,0.00037037037037037035,0.009027777777777777,0.00046385913296629466
171.0,0.009876224037137114,0.009583333333333333,0.00030092592592592595,0.00988425925925926,0.00048475896634896955
171.5,0.007622309591539922,0.007962962962962963,0.0002546296296296296,0.008217592592592592,0.0004431828161629703
172.0,0.006027566450262632,0.005300925925925926,0.00016203703703703703,0.005462962962962963,0.0003642065811901207
172.5,0.006850136124964421,0.006666666666666667,0.0002546296296296296,0.006921296296296297,0.00040792664761152677
173.0,0.007146745671683101,0.007291666666666667,0.00032407407407407406,0.007615740740740741,0.00042717590371208576
173.5,0.006736133775518448,0.005810185185185186,6.944444444444444e-05,0.00587962962962963,0.00037721544972414776
174.0,0.006831135075222409,0.006712962962962963,0.0002777777777777778,0.006990740740740741,0.0004098922542811032
174.5,0.008665894963681942,0.00886574074074074,0.00032407407407407406,0.009189814814814814,0.0004678847642048872
175.0,0.007693331135678598,0.007430555555555556,0.00034722222222222224,0.0077777777777777776,0.0004315438680494226
175.5,0.009372510594036598,0.009166666666666667,0.00020833333333333335,0.009375,0.0004724434851668206
176.0,0.00756003064049651,0.007638888888888889,0.00030092592592592595,0.007939814814814814,0.0004358680619062123
176.5,0.005687041122695158,0.00587962962962963,0.0002314814814814815,0.006111111111111111,0.00038425234304747863
177.0,0.004635742598710689,0.005,0.0004166666666666667,0.005416666666666667,0.000362732353474044
177.5,0.0034791097811215023,0.0036574074074074074,0.00020833333333333335,0.0038657407407407408,0.00030931165053499295
178.0,0.004279996925945645,0.004120370370370371,0.00020833333333333335,0.0043287037037037035,0.00032617546261246244
178.5,0.0036586685799203694,0.0030787037037037037,0.0002777777777777778,0.0033564814814814816,0.00028962957096527985
179.0,0.002049773755340195,0.002013888888888889,0.00032407407407407406,0.0023379629629629627,0.0002455778304717936
179.5,0.0036894087953072835,0.004120370370370371,0.00032407407407407406,0.0044444444444444444,0.00033025689428670065
180.0,0.0029145488436404378,0.002685185185185185,0.0002777777777777778,0.002962962962962963,0.0002734521227049182
180.5,0.0029085621850595297,0.002939814814814815,0.00032407407407407406,0.003263888888888889,0.0002859054762098439
181.0,0.0035821913122183803,0.003171296296296296,0.0002314814814814815,0.0034027777777777776,0.00029147377566928606
181.5,0.004954839796087821,0.005,0.00018518518518518518,0.005185185185185185,0.0003552694648149945
182.0,0.003423591294392722,0.0036805555555555554,0.0002546296296296296,0.003935185185185185,0.00031189935467189963
182.5,0.002703084479234058,0.0027546296296296294,0.00034722222222222224,0.0031018518518518517,0.00027926883819709875
183.0,0.004454113532331586,0.003912037037037037,0.00016203703703703703,0.004074074074074074,0.00031701140045884644
183.5,0.005115555861355121,0.004398148148148148,0.00037037037037037035,0.004768518518518519,0.00034142543973983186
184.0,0.0038019086007549,0.0038425925925925928,0.00037037037037037035,0.0042129629629629635,0.0003220423087064972
184.5,0.004151580214337786,0.004884259259259259,0.00030092592592592595,0.005185185185185185,0.0003552694648149945
185.0,0.004100061633004971,0.0043518518518518515,0.00030092592592592595,0.004652777777777777,0.0003374791061504319
185.5,0.006817076963477931,0.006944444444444444,0.00011574074074074075,0.007060185185185185,0.00041184847991428884
186.0,0.009486025474032373,0.009421296296296296,0.0003935185185185185,0.009814814814814814,0.0004830980699274791
186.5,0.010040322144839658,0.011226851851851852,0.0001388888888888889,0.01136574074074074,0.0005189265923690871
187.0,0.007096379972476565,0.007152777777777778,0.0002777777777777778,0.007430555555555556,0.0004221286043502954
187.5,0.006868601456922928,0.006643518518518518,0.00032407407407407406,0.006967592592592592,0.00040923810105726464
188.0,0.009314282872106876,0.009166666666666667,0.0002777777777777778,0.009444444444444445,0.0004741417055740169
188.5,0.009261491069541378,0.009606481481481481,0.00032407407407407406,0.009930555555555555,0.00048586307637141826
189.0,0.01681932341147376,0.01636574074074074,0.0002314814814814815,0.01659722222222222,0.0006248071035411005
189.5,0.023951377211034307,0.023773148148148147,0.0002777777777777778,0.024050925925925924,0.0007502821830625817
190.0,0.01740724575273999,0.017708333333333333,0.0001388888888888889,0.017847222222222223,0.0006475485324055678
190.5,0.010775722243409783,0.010393518518518519,0.00030092592592592595,0.010694444444444446,0.0005037316171830222
191.0,0.009721073108266746,0.009722222222222222,0.00016203703703703703,0.00988425925925926,0.00048475896634896955
191.5,0.008861041714827517,0.00974537037037037,0.0002314814814814815,0.009976851851851851,0.00048696468301764537
192.0,0.008670747235378806,0.008935185185185185,0.00037037037037037035,0.009305555555555555,0.0004707391383648761
192.5,0.010834173386606579,0.010694444444444444,0.0002546296296296296,0.010949074074074073,0.0005095485713250481
193.0,0.01358615227719977,0.013472222222222222,0.0004166666666666667,0.013888888888888888,0.0005724430237157683
193.5,0.015257439003804465,0.01659722222222222,0.00037037037037037035,0.016967592592592593,0.0006316306712299819
194.0,0.013288904025541684,0.013587962962962963,0.0002777777777777778,0.013865740740740741,0.0005719748059470479
194.5,0.012388867548257349,0.012129629629629629,0.00016203703703703703,0.012291666666666666,0.0005391829733729889
195.0,0.011901738031542371,0.012546296296296297,0.0002777777777777778,0.012824074074074075,0.0005504929829863187
195.5,0.009820174780548472,0.010601851851851852,0.0002546296296296296,0.01085648148148148,0.0005074410305529531
196.0,0.01043508382272983,0.01099537037037037,0.00032407407407407406,0.011319444444444444,0.0005178929761470178
196.5,0.011219314783911128,0.010833333333333334,0.0002546296296296296,0.011087962962962963,0.0005126936386532695
197.0,0.008380920210690548,0.007847222222222222,0.00030092592592592595,0.00814814814814815,0.00044136549282207746
197.5,0.008890916886120138,0.009259259259259259,6.944444444444444e-05,0.009328703703703704,0.0004713079387737858
198.0,0.01347264541269004,0.01460648148148148,0.0001388888888888889,0.014745370370370369,0.0005895057044849781
198.5,0.017020066349519043,0.01597222222222222,0.0002777777777777778,0.016249999999999997,0.0006183416249898517
199.0,0.015383491809645626,0.01513888888888889,0.00018518518518518518,0.015324074074074075,0.0006007602639052835
199.5,0.01614961144412095,0.01615740740740741,0.0002777777777777778,0.016435185185185185,0.0006217982464566777
200.0,0.019747914213089066,0.02013888888888889,0.00020833333333333335,0.020347222222222225,0.000690789021475425
200.5,0.01581186133906271,0.01599537037037037,0.0002314814814814815,0.016226851851851853,0.0006179081877046151
201.0,0.01672956597325087,0.016875,0.0002777777777777778,0.017152777777777777,0.0006350149596190206
201.5,0.029567973397431897,0.02914351851851852,0.00020833333333333335,0.029351851851851855,0.0008280277609336816
202.0,0.01863175825281663,0.017939814814814815,0.00018518518518518518,0.018125,0.0006524945539794705
202.5,0.013765113286327388,0.013703703703703704,0.00032407407407407406,0.014027777777777778,0.0005752443272010454
203.0,0.018856304265014005,0.017777777777777778,0.0002314814814814815,0.01800925925925926,0.0006504382823599985
203.5,0.014214040864782953,0.013935185185185186,0.0002777777777777778,0.014212962962962964,0.0005789583146293801
204.0,0.010372113665664361,0.010416666666666666,0.00032407407407407406,0.01074074074074074,0.0005047942310240878
204.5,0.013468567513796824,0.013888888888888888,0.0002314814814814815,0.01412037037037037,0.0005771043086199737
205.0,0.012760831092623213,0.012893518518518518,0.00032407407407407406,0.013217592592592592,0.0005587054226360094
205.5,0.010943116060415644,0.010324074074074074,0.0002314814814814815,0.010555555555555556,0.0005005302404187895
206.0,0.01209617730009717,0.01238425925925926,0.00037037037037037035,0.01275462962962963,0.0005490309772946419
206.5,0.01173047095439197,0.012152777777777778,0.00016203703703703703,0.012314814814814815,0.0005396796415819536
207.0,0.013535342251120344,0.013518518518518518,0.00032407407407407406,0.013842592592592592,0.0005715062045817827
207.5,0.01242789813514572,0.012013888888888888,0.00020833333333333335,0.012222222222222221,0.0005376902160977745
208.0,0.009964352930880497,0.009606481481481481,0.00011574074074074075,0.009722222222222222,0.00048087461787549264
208.5,0.010555055477575312,0.010578703703703703,0.0004166666666666667,0.010995370370370369,0.0005105990795768974
209.0,0.008865692130535506,0.009375,0.0002546296296296296,0.009629629629629629,0.0004786408372319965
209.5,0.009223275839748862,0.009027777777777777,0.0002546296296296296,0.009282407407407406,0.00047016964983484136
210.0,0.00941752657621621,0.009166666666666667,0.00032407407407407406,0.00949074074074074,0.0004752704813998182
210.5,0.00887485545267734,0.008888888888888889,0.0002546296296296296,0.009143518518518518,0.0004667381268438285
211.0,0.008710324179504394,0.008726851851851852,0.00037037037037037035,0.009097222222222222,0.0004655886655883157
211.5,0.010362891901446621,0.010601851851851852,0.0002777777777777778,0.01087962962962963,0.0005079687355057708
212.0,0.008283483538987536,0.008796296296296297,0.00034722222222222224,0.00914351851851852,0.0004667381268438285
212.5,0.011144235566565497,0.010555555555555556,0.00018518518518518518,0.010740740740740742,0.0005047942310240878
213.0,0.011427497238340639,0.011319444444444444,0.00032407407407407406,0.011643518518518518,0.0005250855639036899
213.5,0.009982267687853456,0.010462962962962962,0.0003935185185185185,0.01085648148148148,0.0005074410305529531
214.0,0.008976721536646732,0.008194444444444445,0.0002546296296296296,0.008449074074074074,0.00044918746216811
214.5,0.006768247608637115,0.007453703703703704,0.0002777777777777778,0.0077314814814814815,0.00043030040265572636
215.0,0.007468913942501018,0.008449074074074074,0.0002546296296296296,0.008703703703703703,0.00045570119657359034
215.5,0.008424756000777585,0.008657407407407407,0.00018518518518518518,0.008842592592592593,0.000459215201332375
216.0,0.007688564901466449,0.007430555555555556,0.00016203703703703703,0.007592592592592593,0.000426548257468658
216.5,0.009789813884596711,0.009189814814814816,0.0004861111111111111,0.009675925925925926,0.0004797590276290003
217.0,0.0093995256814,0.009166666666666667,0.00034722222222222224,0.00951388888888889,0.00047583386518059383
217.5,0.006263657517217627,0.006550925925925926,0.00018518518518518518,0.006736111111111111,0.0004026381200657357
218.0,0.004330707640456903,0.003981481481481482,0.0002546296296296296,0.0042361111111111115,0.00032287317225142666
218.5,0.005528700833606215,0.005300925925925926,0.0002546296296296296,0.005555555555555556,0.0003671372779124322
219.0,0.004139076864555668,0.003287037037037037,0.00032407407407407406,0.003611111111111111,0.00029963226256047063
219.5,0.005919301281644943,0.005671296296296297,0.0002546296296296296,0.0059259259259259265,0.000378633290976861
220.0,0.008211953851210325,0.008449074074074074,0.00018518518518518518,0.00863425925925926,0.00045393399329697284
220.5,0.005986377178294871,0.005787037037037037,0.0002314814814814815,0.0060185185185185185,0.00038145316368687094
221.0,0.007493638213697691,0.008171296296296296,0.00032407407407407406,0.00849537037037037,0.00045037878468507427
221.5,0.007562821129008085,0.007546296296296297,0.00034722222222222224,0.007893518518518518,0.00043463696789907384
222.0,0.007052237574311128,0.006481481481481481,0.0002777777777777778,0.006759259259259259,0.00040330297853196967
222.5,0.006589022561535487,0.006342592592592592,0.0002546296296296296,0.006597222222222222,0.000398625683008431
223.0,0.005752068368923904,0.005023148148148148,0.0003935185185185185,0.005416666666666667,0.000362732353474044
223.5,0.00534988850778063,0.005393518518518519,0.00032407407407407406,0.005717592592592593,0.0003722104756341105
224.0,0.005509496046443063,0.005023148148148148,0.0002546296296296296,0.005277777777777778,0.00035827327514159786
224.5,0.005969154577276446,0.006736111111111111,0.00016203703703703703,0.006898148148148148,0.0004072693372559369
225.0,0.007759405682141021,0.007916666666666667,0.00032407407407407406,0.008240740740740741,0.0004437869368343662
225.5,0.007909628718798361,0.007476851851851852,0.0003935185185185185,0.00787037037037037,0.0004340201114024693
226.0,0.007414987024547013,0.007291666666666667,0.00037037037037037035,0.0076620370370370375,0.00042842843770881316
226.5,0.006117893677280115,0.0061805555555555555,0.00020833333333333335,0.006388888888888888,0.0003925301316965878
227.0,0.00740083503088236,0.007199074074074074,0.0002314814814814815,0.007430555555555556,0.0004221286043502954
227.5,0.010220694243619592,0.009976851851851851,0.0002314814814814815,0.010208333333333333,0.0004924357522899428
228.0,0.010670392830854978,0.010694444444444444,0.00030092592592592595,0.01099537037037037,0.0005105990795768974
228.5,0.011835046775556805,0.012222222222222223,0.00018518518518518518,0.012407407407407409,0.0005416617603161408
229.0,0.011407087043347128,0.011226851851851852,0.00020833333333333335,0.011435185185185185,0.0005204731679499516
229.5,0.010389556949429002,0.01037037037037037,0.0002546296296296296,0.010624999999999999,0.0005021334801243162
230.0,0.011937375004965254,0.011828703703703704,0.00032407407407407406,0.012152777777777778,0.0005361933030159977
230.5,0.0113241840093476,0.011527777777777777,0.0002546296296296296,0.011782407407407406,0.00052813811640156
231.0,0.013729950926306526,0.013425925925925926,0.0002314814814814815,0.013657407407407408,0.0005677434700407972
231.5,0.011368693832698853,0.011157407407407408,0.00011574074074074075,0.011273148148148148,0.0005168572928933462
232.0,0.012382987786836164,0.013194444444444444,0.0002546296296296296,0.013449074074074073,0.0005634803607134574
232.5,0.011349571543570953,0.011157407407407408,0.00034722222222222224,0.01150462962962963,0.0005220151615077137
233.0,0.011877697749350087,0.01136574074074074,0.00030092592592592595,0.011666666666666667,0.0005255955538080062
233.5,0.014450133505708772,0.014837962962962963,0.00020833333333333335,0.015046296296296295,0.0005953846265526868
234.0,0.012851262974477425,0.01423611111111111,0.0002777777777777778,0.014513888888888889,0.0005849432519428225
234.5,0.01636396785055968,0.016481481481481482,0.0001388888888888889,0.016620370370370372,0.0006252357582529236
235.0,0.023381503038336374,0.0225,0.00018518518518518518,0.022685185185185183,0.0007289094492613778
235.5,0.01754773413241566,0.0175,0.00016203703703703703,0.01766203703703704,0.0006442300891134284
236.0,0.010746492996839364,0.011481481481481481,0.00037037037037037035,0.011851851851851851,0.0005296577954531148
236.5,0.0068995167036648005,0.006597222222222222,0.00034722222222222224,0.006944444444444444,0.00040858290051624447
237.0,0.009678415227818003,0.009398148148148149,0.00020833333333333335,0.009606481481481481,0.00047808076127727416
237.5,0.008912130623271971,0.008958333333333334,0.00034722222222222224,0.009305555555555556,0.00047073913836487616
238.0,0.010168760882772108,0.010902777777777779,0.0002314814814814815,0.01113425925925926,0.0005137377158053578
238.5,0.010376714469200158,0.01037037037037037,0.0003935185185185185,0.010763888888888889,0.0005053247000077165
239.0,0.007908172347243024,0.00712962962962963,0.00018518518518518518,0.007314814814814815,0.00041894316416106513
239.5,0.01030239602192411,0.010092592592592592,0.0002546296296296296,0.010347222222222221,0.0004956894095192005
240.0,0.014961388514576025,0.015300925925925926,0.00034722222222222224,0.015648148148148147,0.0006069716709741784
240.5,0.01421421696263668,0.012893518518518518,0.00034722222222222224,0.01324074074074074,0.0005591847512634536
241.0,0.011101248431400123,0.011342592592592593,0.00037037037037037035,0.011712962962962963,0.00052661405194708
241.5,0.01150672633634068,0.011851851851851851,0.0002546296296296296,0.01210648148148148,0.0005351930349638608
242.0,0.011728239398988465,0.011921296296296296,0.0003935185185185185,0.012314814814814815,0.0005396796415819536
242.5,0.01542847460566108,0.016921296296296295,0.00018518518518518518,0.01710648148148148,0.0006341705806914801
243.0,0.02134044726383598,0.02175925925925926,0.00018518518518518518,0.021944444444444444,0.0007170510503558931
243.5,0.012357567017426487,0.012060185185185186,0.0004166666666666667,0.012476851851851852,0.0005431436024449208
244.0,0.012249810660861832,0.011921296296296296,0.0002546296296296296,0.012175925925925925,0.0005366927379440626
244.5,0.012498543768218998,0.012662037037037038,0.00032407407407407406,0.012986111111111111,0.0005538893225690452
245.0,0.01097775917875376,0.011898148148148149,0.0002314814814814815,0.01212962962962963,0.0005356934024575223
245.5,0.014305944443358323,0.015439814814814814,0.00030092592592592595,0.01574074074074074,0.0006087347176036051
246.0,0.015588610264412677,0.015925925925925927,0.0001388888888888889,0.016064814814814816,0.0006148655715630706
246.5,0.01184790094243821,0.011319444444444444,0.00030092592592592595,0.011620370370370371,0.0005245750781893546
247.0,0.013162551169294932,0.013518518518518518,0.00037037037037037035,0.013888888888888888,0.0005724430237157683
247.5,0.01625839847461987,0.01638888888888889,0.0002546296296296296,0.01664351851851852,0.0006256641192850976
248.0,0.017478468057536993,0.019305555555555555,0.0002777777777777778,0.01958333333333333,0.0006778693524730638
248.5,0.015391719458696218,0.01525462962962963,0.0001388888888888889,0.015393518518518518,0.0006020966741110697
249.0,0.01939047462936776,0.018194444444444444,0.00018518518518518518,0.018379629629629628,0.0006569956981308498
249.5,0.01569220572270045,0.01574074074074074,0.000462962962962963,0.016203703703703703,0.0006174744461673804
250.0,0.023500309764434485,0.023564814814814816,0.00020833333333333335,0.02377314814814815,0.0007459847941271257
250.5,0.016169125065609483,0.015231481481481481,0.00018518518518518518,0.015416666666666667,0.0006025414854914973
251.0,0.013456377450088586,0.01326388888888889,0.00020833333333333335,0.013472222222222222,0.0005639556309431236
251.5,0.01742747618926044,0.018125,0.0002546296296296296,0.018379629629629628,0.0006569956981308498
252.0,0.018207496639820606,0.01861111111111111,0.0002314814814814815,0.01884259259259259,0.0006651015581219271
252.5,0.016889300712194587,0.015810185185185184,0.00020833333333333335,0.01601851851851852,0.0006139934833271476
253.0,0.021289784833363516,0.02136574074074074,0.0002777777777777778,0.021643518518518517,0.0007121771766221784
253.5,0.01851926186792702,0.018310185185185186,0.00020833333333333335,0.01851851851851852,0.0006594379181837928
254.0,0.019623532474218625,0.019421296296296298,0.00030092592592592595,0.019722222222222224,0.0006802366350016607
254.5,0.01868132753473938,0.01888888888888889,0.0002546296296296296,0.019143518518518518,0.0006703178056199665
255.0,0.015201862435111206,0.01599537037037037,0.00030092592592592595,0.0162962962962963,0.000619207589359552
255.5,0.018540130620364376,0.018703703703703705,0.00032407407407407406,0.01902777777777778,0.0006683163747191326
256.0,0.01334120153287175,0.01361111111111111,0.00037037037037037035,0.01398148148148148,0.0005743120775776931
256.5,0.01626868711537155,0.01597222222222222,0.00032407407407407406,0.016296296296296295,0.0006192075893595519
257.0,0.01666607860346924,0.017013888888888887,0.0002777777777777778,0.017291666666666664,0.0006375413865123408
257.5,0.022458081389183003,0.02224537037037037,0.00018518518518518518,0.022430555555555554,0.0007248550067654567
258.0,0.026485744261054028,0.02726851851851852,0.00020833333333333335,0.027476851851851853,0.0008013907880048712
258.5,0.027175764222896054,0.027060185185185184,0.00020833333333333335,0.02726851851851852,0.0007983762673294284
259.0,0.026935712299633454,0.02585648148148148,0.00032407407407407406,0.026180555555555554,0.000782445101197845
259.5,0.03060602276612862,0.030439814814814815,0.0002314814814814815,0.030671296296296297,0.0008462698555130611
260.0,0.02776928783631275,0.02803240740740741,0.00030092592592592595,0.028333333333333335,0.0008136664889981319
260.5,0.026186569313913315,0.02638888888888889,0.0003935185185185185,0.026782407407407408,0.0007912977266607115
261.0,0.020566484266606167,0.021111111111111112,0.0002314814814814815,0.021342592592592594,0.0007072697172837146
261.5,0.02369472561058284,0.022662037037037036,0.0002314814814814815,0.022893518518518518,0.0007322100218425877
262.0,0.017190505311992833,0.017430555555555557,0.0002777777777777778,0.017708333333333333,0.0006450613003773154
262.5,0.017102731124652524,0.016273148148148148,0.00032407407407407406,0.01659722222222222,0.0006248071035411005
263.0,0.015274737657010541,0.01462962962962963,0.0002314814814814815,0.014861111111111111,0.0005917737400677504
263.5,0.009813985629459966,0.00986111111111111,0.00020833333333333335,0.010069444444444443,0.0004891604537953065
264.0,0.009556627859048664,0.009351851851851853,0.0004166666666666667,0.009768518518518518,0.0004819876260261028
264.5,0.007848775972469453,0.008310185185185184,0.00030092592592592595,0.008611111111111111,0.0004533433946886704
265.0,0.007917442523541016,0.008217592592592592,0.0002777777777777778,0.00849537037037037,0.00045037878468507427
265.5,0.009143159090589959,0.008587962962962962,0.00016203703703703703,0.008749999999999999,0.0004568755345649176
266.0,0.01037870399474611,0.010208333333333333,0.00037037037037037035,0.010578703703703703,0.0005010652236349872
266.5,0.00909438793935344,0.009398148148148149,0.00018518518518518518,0.009583333333333334,0.0004775200284184627
267.0,0.00795356404553099,0.008171296296296296,0.0003935185185185185,0.008564814814814815,0.00045215988320777676
267.5,0.013201598221206706,0.013055555555555556,0.00034722222222222224,0.013402777777777779,0.0005625286156138111
268.0,0.012334023490877763,0.011898148148148149,0.0004166666666666667,0.012314814814814815,0.0005396796415819536
268.5,0.010478877513247178,0.01050925925925926,0.0002314814814814815,0.010740740740740742,0.0005047942310240878
269.0,0.009134975381208289,0.009212962962962963,0.0002777777777777778,0.00949074074074074,0.0004752704813998182
269.5,0.011772454487809237,0.011527777777777777,0.0002777777777777778,0.011805555555555555,0.0005286451614825169
270.0,0.008872817487135375,0.00988425925925926,0.00032407407407407406,0.010208333333333333,0.0004924357522899428
270.5,0.014398042260182134,0.014351851851851852,0.0002546296296296296,0.01460648148148148,0.0005867724900199384
271.0,0.018463444999303625,0.018518518518518517,0.0002546296296296296,0.018773148148148146,0.000663891988450041
271.5,0.020676234192276727,0.021828703703703704,0.0004166666666666667,0.02224537037037037,0.0007218920187475697
272.0,0.02125056283953999,0.020300925925925927,0.0001388888888888889,0.020439814814814817,0.0006923386593580699
272.5,0.024700275794728388,0.024560185185185185,0.00020833333333333335,0.02476851851851852,0.0007612714981296098
273.0,0.02746601984808697,0.02666666666666667,0.0002546296296296296,0.026921296296296297,0.0007933266116767682
273.5,0.019826836082053014,0.020023148148148148,0.00018518518518518518,0.02020833333333333,0.0006884580245845374
274.0,0.01970256852604224,0.01965277777777778,0.00018518518518518518,0.019837962962962963,0.0006822030954282057
274.5,0.015242332170201173,0.015925925925925927,0.0002314814814814815,0.01615740740740741,0.0006166060477682131
275.0,0.014883911196680625,0.015185185185185185,0.00020833333333333335,0.015393518518518518,0.0006020966741110697
275.5,0.015748590541817833,0.01599537037037037,0.00030092592592592595,0.0162962962962963,0.000619207589359552
276.0,0.018105646795064913,0.018680555555555554,0.00030092592592592595,0.01898148148148148,0.00066751412209207
276.5,0.013186102520772656,0.01324074074074074,0.0002314814814814815,0.013472222222222222,0.0005639556309431236
277.0,0.0151249500886269,0.015046296296296295,0.00032407407407407406,0.01537037037037037,0.0006016515338739885
277.5,0.009589127914516158,0.009467592592592593,0.0003935185185185185,0.009861111111111112,0.0004842059672216285
278.0,0.013215734179329995,0.013865740740740741,0.0002546296296296296,0.01412037037037037,0.0005771043086199737
278.5,0.01681358352740178,0.01752314814814815,0.0002314814814814815,0.01775462962962963,0.0006458914419388527
279.0,0.018032886735345054,0.01902777777777778,0.00032407407407407406,0.019351851851851853,0.0006739054024085018
279.5,0.013681378192994111,0.013703703703703704,0.0002314814814814815,0.013935185185185186,0.0005733783122217206
280.0,0.01609169562715625,0.015902777777777776,0.00016203703703703703,0.016064814814814813,0.0006148655715630706
280.5,0.013025562361962865,0.01361111111111111,0.0002546296296296296,0.01386574074074074,0.0005719748059470479
281.0,0.012091329013255641,0.012407407407407407,0.0001388888888888889,0.012546296296296295,0.0005446214126940953
281.5,0.010304250909629642,0.010231481481481482,0.0002777777777777778,0.01050925925925926,0.000499458554885502
282.0,0.011736033586935828,0.011574074074074073,0.00037037037037037035,0.011944444444444443,0.0005316772774296529
282.5,0.014704944683520372,0.015,0.0004166666666666667,0.015416666666666665,0.0006025414854914973
283.0,0.015182913745523751,0.015300925925925926,0.0002777777777777778,0.015578703703703704,0.0006056460179652142
283.5,0.009141087683052608,0.009375,0.00018518518518518518,0.009560185185185185,0.0004769586363387089
284.0,0.008913360298584269,0.008425925925925925,0.00030092592592592595,0.008726851851851852,0.00045628874336464914
284.5,0.008947950303094471,0.009351851851851853,0.00011574074074074075,0.009467592592592593,0.0004747064289930423
285.0,0.010529441854345518,0.010648148148148148,0.0002546296296296296,0.010902777777777777,0.0005084958928192247
285.5,0.009096975320241818,0.008888888888888889,0.00030092592592592595,0.009189814814814816,0.00046788476420488726
286.0,0.01067896490624997,0.010416666666666666,0.00018518518518518518,0.010601851851851852,0.0005015996362628948
286.5,0.014509257231596864,0.01375,0.00018518518518518518,0.013935185185185186,0.0005733783122217206
287.0,0.016677314024097136,0.016550925925925927,0.00034722222222222224,0.016898148148148148,0.0006303568787205955
287.5,0.014273498984635173,0.01375,0.00020833333333333335,0.013958333333333333,0.0005738453848284549
288.0,0.015486312539973622,0.015694444444444445,0.00034722222222222224,0.016041666666666666,0.0006144296821694838
288.5,0.01460661230921242,0.014027777777777778,0.00020833333333333335,0.01423611111111111,0.0005794208891998811
289.0,0.013793570980143673,0.01476851851851852,0.0002777777777777778,0.015046296296296297,0.0005953846265526869
289.5,0.018229959183788266,0.01810185185185185,0.00018518518518518518,0.018287037037037036,0.0006553624953502362
290.0,0.018499087619099443,0.018472222222222223,0.00016203703703703703,0.01863425925925926,0.000661466213613377
290.5,0.013479591285198534,0.012708333333333334,0.0002546296296296296,0.012962962962962963,0.0005534054073582106
291.0,0.009781741455187525,0.01,0.0001388888888888889,0.010138888888888888,0.0004908008352125087
291.5,0.010817611923013028,0.011273148148148148,0.0002314814814814815,0.01150462962962963,0.0005220151615077137
292.0,0.013519835743255148,0.013541666666666667,0.0002314814814814815,0.013773148148148149,0.0005700980894437453
292.5,0.013725663879680898,0.013958333333333333,0.00020833333333333335,0.014166666666666666,0.0005780320549529369
293.0,0.00882877370932101,0.00886574074074074,0.00032407407407407406,0.009189814814814814,0.0004678847642048872
293.5,0.010985655805386884,0.01173611111111111,0.0001388888888888889,0.011874999999999998,0.0005301633871241414
294.0,0.012112848148321975,0.011921296296296296,0.0002546296296296296,0.012175925925925925,0.0005366927379440626
294.5,0.013418294851327566,0.013680555555555555,0.00037037037037037035,0.014050925925925925,0.0005757098859144873
295.0,0.010329783630411262,0.010532407407407407,0.00032407407407407406,0.01085648148148148,0.0005074410305529531
295.5,0.01371922606811594,0.01476851851851852,0.0002546296296296296,0.015023148148148148,0.0005949344642669424
296.0,0.011652239997362732,0.012199074074074074,0.00034722222222222224,0.012546296296296297,0.0005446214126940953
296.5,0.01255937213989971,0.011296296296296296,0.0002777777777777778,0.011574074074074073,0.0005235526135279913
297.0,0.007468859410761079,0.008611111111111111,0.00016203703703703703,0.008773148148148148,0.00045746157308201076
297.5,0.008909290249335719,0.008819444444444444,0.0002777777777777778,0.009097222222222222,0.0004655886655883157
298.0,0.009172503680527874,0.009467592592592593,0.00034722222222222224,0.009814814814814816,0.0004830980699274792
298.5,0.00880429348466544,0.008240740740740741,0.00018518518518518518,0.008425925925925927,0.00044859061448757336
299.0,0.011628943612285102,0.011435185185185185,0.00011574074074074075,0.011550925925925926,0.0005230406316619213
299.5,0.008200040788787357,0.008773148148148148,0.00018518518518518518,0.008958333333333334,0.0004621231274759756
300.0,0.009256581252883209,0.010324074074074074,0.0002546296296296296,0.010578703703703703,0.0005010652236349872
300.5,0.008421319405584908,0.008333333333333333,0.00030092592592592595,0.00863425925925926,0.00045393399329697284
301.0,0.009726063819994964,0.00974537037037037,0.0002777777777777778,0.010023148148148147,0.0004880638032387293
301.5,0.00943396448066332,0.00951388888888889,0.00030092592592592595,0.009814814814814816,0.0004830980699274792
302.0,0.00856626040226095,0.007847222222222222,0.0002777777777777778,0.008125,0.0004407580532348634
302.5,0.008431162393973344,0.009375,0.00030092592592592595,0.009675925925925926,0.0004797590276290003
303.0,0.006992786116334125,0.007106481481481482,0.00034722222222222224,0.007453703703703704,0.00042276281219309823
303.5,0.008595101853993837,0.008217592592592592,0.0004166666666666667,0.008634259259259258,0.00045393399329697284
304.0,0.008200948492243409,0.008032407407407408,0.0002546296296296296,0.008287037037037037,0.00044499271772716347
304.5,0.008676066774161908,0.00875,0.00020833333333333335,0.008958333333333334,0.0004621231274759756
305.0,0.013488932423490262,0.013518518518518518,0.0002314814814814815,0.01375,0.0005696279442098325
305.5,0.010623456571935546,0.010925925925925926,0.0004166666666666667,0.011342592592592592,0.0005184100418636815
306.0,0.010597526317465989,0.010092592592592592,0.0002314814814814815,0.010324074074074074,0.0004951486180398821
306.5,0.013625605442400756,0.01326388888888889,0.0002314814814814815,0.013495370370370371,0.00056443050097877
307.0,0.011286489771416625,0.011851851851851851,0.0001388888888888889,0.01199074074074074,0.0005326841473710151
307.5,0.011473362359240367,0.011296296296296296,0.00030092592592592595,0.011597222222222222,0.000524064095216109
308.0,0.011830767484361005,0.010972222222222222,0.0002777777777777778,0.01125,0.0005163386722436637
308.5,0.012684862225944235,0.011782407407407408,0.00020833333333333335,0.011990740740740741,0.0005326841473710151
309.0,0.015251999352883436,0.015185185185185185,4.6296296296296294e-05,0.015231481481481481,0.0005989737453651799
309.5,0.017094099194043345,0.01738425925925926,0.00030092592592592595,0.017685185185185186,0.0006446458287166563
310.0,0.01782791000359731,0.01726851851851852,0.00020833333333333335,0.017476851851851855,0.0006408944637126982
310.5,0.021108137800468326,0.020462962962962964,0.00037037037037037035,0.020833333333333336,0.0006988862884671842
311.0,0.015588335233555012,0.015370370370370371,0.0001388888888888889,0.015509259259259259,0.0006043174569620298
311.5,0.016789671143053474,0.017314814814814814,0.00032407407407407406,0.017638888888888888,0.0006438140810485642
312.0,0.023407698362687548,0.024699074074074075,0.00016203703703703703,0.02486111111111111,0.0007626779404934005
312.5,0.015501310770148541,0.016273148148148148,0.00016203703703703703,0.016435185185185185,0.0006217982464566777
313.0,0.015826669757152342,0.015856481481481482,0.00020833333333333335,0.016064814814814816,0.0006148655715630706
313.5,0.014398499299511442,0.014884259259259259,0.00020833333333333335,0.015092592592592591,0.000596283931580132
314.0,0.012567470383785005,0.012939814814814815,0.0003935185185185185,0.013333333333333334,0.0005610979710320872
314.5,0.01595268184332168,0.016967592592592593,0.0002777777777777778,0.01724537037037037,0.0006367003580890313
315.0,0.02210500025759963,0.02175925925925926,0.00034722222222222224,0.02210648148148148,0.0007196617720535876
315.5,0.014066451972244567,0.014166666666666666,0.00032407407407407406,0.01449074074074074,0.0005844850479103427
316.0,0.014337540057839535,0.014421296296296297,0.00032407407407407406,0.01474537037037037,0.0005895057044849782
316.5,0.016765525885314474,0.016689814814814814,0.00034722222222222224,0.017037037037037035,0.0006329019000812868
317.0,0.017127382640834188,0.01738425925925926,0.00034722222222222224,0.01773148148148148,0.0006454765046128028
317.5,0.01687316741030921,0.01675925925925926,0.00032407407407407406,0.017083333333333332,0.0006337479693473428
318.0,0.02986567379904613,0.028958333333333332,0.0002546296296296296,0.02921296296296296,0.0008260841072800726
318.5,0.021407406388469382,0.02074074074074074,0.0003935185185185185,0.02113425925925926,0.0007038522019020669
319.0,0.018313338312874426,0.018564814814814815,0.00034722222222222224,0.018912037037037036,0.0006663089320309919
319.5,0.02436798433056381,0.024930555555555556,0.00034722222222222224,0.025277777777777777,0.0007689750988449821
320.0,0.01684311687652118,0.016666666666666666,0.0002546296296296296,0.016921296296296295,0.000630781762032686
320.5,0.0151513624704884,0.01474537037037037,0.00020833333333333335,0.014953703703703703,0.0005935819290414154
321.0,0.01843388387334158,0.018564814814814815,0.0002546296296296296,0.018819444444444444,0.0006646986127964512
321.5,0.021816108800269223,0.022083333333333333,0.00016203703703703703,0.02224537037037037,0.0007218920187475697
322.0,0.018997634582026277,0.019444444444444445,0.0002777777777777778,0.01972222222222222,0.0006802366350016606
322.5,0.01460913188404944,0.01423611111111111,0.000462962962962963,0.014699074074074074,0.0005885960432206057
323.0,0.01965335650029887,0.019351851851851853,0.00030092592592592595,0.01965277777777778,0.0006790540253251701
323.5,0.018854057008307865,0.019328703703703702,0.0002777777777777778,0.019606481481481478,0.0006782644733324453
324.0,0.018850734302565616,0.01951388888888889,0.0002546296296296296,0.01976851851851852,0.0006810239005525135
324.5,0.021673601555304463,0.021805555555555557,0.00032407407407407406,0.02212962962962963,0.000720033959558852
325.0,0.01817731211586194,0.018587962962962962,0.00020833333333333335,0.018796296296296297,0.0006642954230542598
325.5,0.01534992021127597,0.016203703703703703,0.0002314814814814815,0.016435185185185185,0.0006217982464566777
326.0,0.013231326157101061,0.014421296296296297,0.0003935185185185185,0.014814814814814815,0.0005908675705336994
326.5,0.008971661922960979,0.008611111111111111,0.00018518518518518518,0.008796296296296297,0.00045804686180494293
327.0,0.012639302123346628,0.012824074074074075,0.00032407407407407406,0.013148148148148148,0.0005572649630066617
327.5,0.015600558569280679,0.015046296296296295,0.0002777777777777778,0.015324074074074073,0.0006007602639052835
328.0,0.01643787170601727,0.01738425925925926,0.00034722222222222224,0.01773148148148148,0.0006454765046128028
328.5,0.012921820328065181,0.013009259259259259,0.0002314814814814815,0.01324074074074074,0.0005591847512634536
329.0,0.012377851596756766,0.011782407407407408,0.0002546296296296296,0.012037037037037037,0.0005336891177321892
329.5,0.012599166519324329,0.012777777777777779,0.0003935185185185185,0.013171296296296297,0.0005577455295719587
330.0,0.011707632113497977,0.012152777777777778,0.00016203703703703703,0.012314814814814815,0.0005396796415819536
330.5,0.011868280117200869,0.011643518518518518,0.0002314814814814815,0.011875,0.0005301633871241414
331.0,0.01427072739179386,0.013402777777777777,0.000462962962962963,0.013865740740740741,0.0005719748059470479
331.5,0.014026062945781228,0.01412037037037037,0.00020833333333333335,0.014328703703703703,0.000581267506310077
332.0,0.01426637998584007,0.014444444444444444,0.00030092592592592595,0.01474537037037037,0.0005895057044849782
332.5,0.013177176719553096,0.012986111111111111,0.00032407407407407406,0.013310185185185185,0.0005606202782040945
333.0,0.013605868681159657,0.013958333333333333,0.0002777777777777778,0.01423611111111111,0.0005794208891998811
333.5,0.008848625594463304,0.00849537037037037,0.0002546296296296296,0.008749999999999999,0.0004568755345649176
334.0,0.007889714063156097,0.007314814814814815,0.0002546296296296296,0.007569444444444445,0.0004259196863105296
334.5,0.007881800998034769,0.0075,0.00030092592592592595,0.0078009259259259256,0.00043216425906563127
335.0,0.00753643414506502,0.007662037037037037,0.0005324074074074074,0.008194444444444443,0.0004425778708650631
335.5,0.008387019856948093,0.008078703703703704,0.0002777777777777778,0.008356481481481482,0.00044679528770822193
336.0,0.008058498725868727,0.008796296296296297,0.00032407407407407406,0.00912037037037037,0.0004661637505072623
336.5,0.00884337424913972,0.008078703703703704,0.00016203703703703703,0.008240740740740741,0.0004437869368343662
337.0,0.006309174475235206,0.006712962962962963,0.0002777777777777778,0.006990740740740741,0.0004098922542811032
337.5,0.006462841498843481,0.005671296296296297,0.0002546296296296296,0.0059259259259259265,0.000378633290976861
338.0,0.009059840273915489,0.008472222222222223,0.00030092592592592595,0.00877314814814815,0.0004574615730820108
338.5,0.008357225497503624,0.0075,0.00032407407407407406,0.007824074074074074,0.0004327837607586896
339.0,0.012389756215557256,0.013101851851851852,0.00011574074074074075,0.013217592592592593,0.0005587054226360094
339.5,0.011385109564999923,0.011921296296296296,0.00032407407407407406,0.01224537037037037,0.0005381882619028029
340.0,0.01277502959518144,0.012199074074074074,0.00034722222222222224,0.012546296296296297,0.0005446214126940953
340.5,0.010666258524816747,0.010949074074074075,0.0002546296296296296,0.011203703703703704,0.0005152998650581741
341.0,0.010333354220850476,0.010069444444444445,0.0002546296296296296,0.010324074074074074,0.0004951486180398821
341.5,0.010845657972872989,0.011226851851851852,0.0002314814814814815,0.011458333333333334,0.0005209876729045968
342.0,0.010447765109980987,0.010300925925925925,0.00030092592592592595,0.010601851851851852,0.0005015996362628948
342.5,0.009113310162895955,0.008101851851851851,0.0002546296296296296,0.00835648148148148,0.00044679528770822193
343.0,0.008963305012958174,0.008935185185185185,0.00030092592592592595,0.009236111111111112,0.00046902859838227366
343.5,0.01193659778459248,0.011273148148148148,0.0002777777777777778,0.011550925925925926,0.0005230406316619213
344.0,0.014951470350285627,0.015532407407407408,0.0002314814814814815,0.01576388888888889,0.0006091746819908305
344.5,0.012966226527474697,0.013796296296296296,0.0002777777777777778,0.014074074074074074,0.0005761750684491309
345.0,0.012179166681128688,0.012453703703703703,0.00016203703703703703,0.01261574074074074,0.0005460952237961598
345.5,0.016055296642757635,0.015509259259259259,0.00030092592592592595,0.015810185185185184,0.0006100536588727312
346.0,0.015168093642168359,0.015416666666666667,0.0002314814814814815,0.015648148148148147,0.0006069716709741784
346.5,0.017579168949123845,0.01724537037037037,0.00018518518518518518,0.017430555555555553,0.0006400578412082846
347.0,0.008427680613661717,0.008171296296296296,0.00020833333333333335,0.00837962962962963,0.0004473945304549011
347.5,0.010134393326351996,0.010300925925925925,0.0002777777777777778,0.010578703703703703,0.0005010652236349872
348.0,0.011830298534932882,0.01173611111111111,0.00030092592592592595,0.012037037037037037,0.0005336891177321892
348.5,0.009370619554840464,0.009282407407407408,0.00018518518518518518,0.009467592592592593,0.0004747064289930423
349.0,0.012768060212835493,0.012037037037037037,0.00018518518518518518,0.012222222222222223,0.0005376902160977745
349.5,0.015451132009596276,0.015347222222222222,0.0003935185185185185,0.01574074074074074,0.0006087347176036051
350.0,0.011799001377524897,0.011296296296296296,0.0001388888888888889,0.011435185185185184,0.0005204731679499516
350.5,0.012587272210272737,0.013171296296296296,0.00018518518518518518,0.013356481481481481,0.0005615752575203199
351.0,0.014958053105848473,0.014490740740740742,0.00018518518518518518,0.014675925925925927,0.0005881406849829934
351.5,0.016058011107443326,0.014583333333333334,0.00018518518518518518,0.01476851851851852,0.0005899600091387713
352.0,0.017688407642805087,0.017361111111111112,0.00018518518518518518,0.017546296296296296,0.0006421473537325002
352.5,0.012793723496065999,0.012615740740740742,0.00020833333333333335,0.012824074074074075,0.0005504929829863187
353.0,0.015541288853420238,0.01662037037037037,0.00032407407407407406,0.016944444444444443,0.0006312063593435579
353.5,0.012863123016377015,0.012824074074074075,0.00018518518518518518,0.01300925925925926,0.0005543728153676769
354.0,0.010825625865738308,0.01085648148148148,0.00032407407407407406,0.011180555555555555,0.0005147796753624639
354.5,0.009616319200393332,0.00837962962962963,0.0001388888888888889,0.008518518518518517,0.0004509732657897728
355.0,0.008954159797989676,0.009652777777777777,0.00032407407407407406,0.009976851851851851,0.00048696468301764537
355.5,0.008921578089200268,0.008703703703703703,0.00018518518518518518,0.008888888888888889,0.00046038057589358714
356.0,0.00954699672100825,0.010138888888888888,0.00034722222222222224,0.010486111111111111,0.0004989218488757786
356.5,0.009656271440657357,0.009097222222222222,0.00032407407407407406,0.009421296296296296,0.00047357630874226496
357.0,0.009030353554672712,0.009143518518518518,0.00018518518518518518,0.009328703703703704,0.0004713079387737858
357.5,0.015674186563388,0.01678240740740741,0.00034722222222222224,0.01712962962962963,0.0006345929105948614
358.0,0.01533964671396969,0.014675925925925926,0.00032407407407407406,0.015,0.0005944839611040025
358.5,0.016202104535099644,0.01597222222222222,0.00030092592592592595,0.016273148148148148,0.0006187747586624547
359.0,0.012533180196840963,0.013310185185185185,0.0002777777777777778,0.013587962962962963,0.0005663259993024333
359.5,0.01460232312586209,0.014444444444444444,0.0002546296296296296,0.014699074074074073,0.0005885960432206057
360.0,0.013225151348303496,0.013101851851851852,0.0002777777777777778,0.01337962962962963,0.0005620521387039659
360.5,0.012806735011209703,0.012685185185185185,0.0002314814814814815,0.012916666666666667,0.0005524363052587419
361.0,0.012031467964253556,0.011481481481481481,0.0002314814814814815,0.011712962962962963,0.00052661405194708
361.5,0.014209850937262684,0.015046296296296295,0.0002777777777777778,0.015324074074074073,0.0006007602639052835
362.0,0.016570797213563655,0.016689814814814814,0.00018518518518518518,0.016874999999999998,0.0006299317088285705
362.5,0.01274424003611975,0.012824074074074075,0.0002777777777777778,0.013101851851851852,0.000556302584453316
363.0,0.010454338199974947,0.01050925925925926,0.0002777777777777778,0.010787037037037038,0.0005058546127105864
363.5,0.008891996652944979,0.008055555555555555,0.00030092592592592595,0.008356481481481482,0.00044679528770822193
364.0,0.010932162563666315,0.010902777777777779,0.00030092592592592595,0.011203703703703705,0.0005152998650581741
364.5,0.016613043311009226,0.015717592592592592,0.00011574074074074075,0.01583333333333333,0.0006104926727379251
365.0,0.012972766053615031,0.012893518518518518,0.0002314814814814815,0.013125,0.0005567839816590698
365.5,0.012347813599705777,0.011828703703703704,0.0002314814814814815,0.012060185185185186,0.0005341908939213127
366.0,0.02084973545153699,0.02113425925925926,0.0004166666666666667,0.021550925925925925,0.000710670798507145
366.5,0.010827559972713143,0.011481481481481481,0.0002314814814814815,0.011712962962962963,0.00052661405194708
367.0,0.011567546598163584,0.012129629629629629,0.00020833333333333335,0.012337962962962962,0.0005401758531262894
367.5,0.008617460417103028,0.008912037037037038,0.00032407407407407406,0.009236111111111112,0.00046902859838227366
368.0,0.009039075230663086,0.009212962962962963,9.259259259259259e-05,0.009305555555555555,0.0004707391383648761
368.5,0.009463422200248277,0.00951388888888889,0.0005092592592592592,0.010023148148148149,0.0004880638032387293
369.0,0.00832058499222838,0.00886574074074074,0.0002546296296296296,0.009120370370370369,0.00046616375050726226
369.5,0.007689005241698741,0.007662037037037037,0.00034722222222222224,0.00800925925925926,0.00043770821065858886
370.0,0.009032628618323293,0.009259259259259259,0.0002546296296296296,0.009513888888888888,0.00047583386518059383
370.5,0.008812383075113867,0.008935185185185185,0.0002777777777777778,0.009212962962962963,0.0004684570304070071
371.0,0.009663185672543788,0.009259259259259259,0.0002314814814814815,0.00949074074074074,0.0004752704813998182
371.5,0.010097650834403463,0.010601851851851852,0.00032407407407407406,0.010925925925925926,0.0005090225041947644
372.0,0.007333926572349442,0.007592592592592593,0.0002314814814814815,0.007824074074074074,0.0004327837607586896
372.5,0.009314720084400555,0.009652777777777777,0.0002777777777777778,0.009930555555555555,0.00048586307637141826
373.0,0.009569918558071459,0.009699074074074074,0.00016203703703703703,0.00986111111111111,0.00048420596722162845
373.5,0.006879205873895218,0.006875,0.00016203703703703703,0.007037037037037037,0.0004111974387627211
374.0,0.007088325073001832,0.007083333333333333,0.0003935185185185185,0.007476851851851852,0.0004233960700527409
374.5,0.009255132396871599,0.009652777777777777,6.944444444444444e-05,0.009722222222222222,0.00048087461787549264
375.0,0.010719613630401,0.010532407407407407,0.0002777777777777778,0.010810185185185185,0.000506383970879081
375.5,0.007879612360895282,0.007824074074074074,0.00034722222222222224,0.008171296296296296,0.0004419720975545446
376.0,0.009114379274907497,0.009236111111111112,0.0002314814814814815,0.009467592592592593,0.0004747064289930423
376.5,0.009419216561907237,0.00900462962962963,0.0005324074074074074,0.009537037037037037,0.0004763965827075087
377.0,0.008335677258433639,0.008240740740740741,0.00032407407407407406,0.008564814814814815,0.00045215988320777676
377.5,0.00942634814333303,0.009282407407407408,0.00018518518518518518,0.009467592592592593,0.0004747064289930423
378.0,0.009024692524796417,0.009259259259259259,0.00020833333333333335,0.009467592592592592,0.00047470642899304224
378.5,0.008566110293312858,0.00837962962962963,0.0001388888888888889,0.008518518518518517,0.0004509732657897728
379.0,0.011660564244168286,0.012013888888888888,0.0002314814814814815,0.01224537037037037,0.0005381882619028029
379.5,0.009476698361293553,0.00974537037037037,0.0004166666666666667,0.010162037037037035,0.000491346412023111
380.0,0.009070127138979988,0.008564814814814815,0.00018518518518518518,0.00875,0.0004568755345649177
380.5,0.010322443077039792,0.010208333333333333,0.0002314814814814815,0.010439814814814815,0.0004978467010639401
381.0,0.010727806647062464,0.01,0.0002314814814814815,0.010231481481481482,0.0004929795197531543
381.5,0.011932579492608111,0.011990740740740741,0.0004861111111111111,0.012476851851851852,0.0005431436024449208
382.0,0.010432897991107224,0.011041666666666667,0.0002546296296296296,0.011296296296296296,0.000517375393674387
382.5,0.010113571729731262,0.010300925925925925,0.00032407407407407406,0.010624999999999999,0.0005021334801243162
383.0,0.008670056412702293,0.009398148148148149,0.0001388888888888889,0.009537037037037037,0.0004763965827075087
383.5,0.006896027901284286,0.006550925925925926,0.0002777777777777778,0.006828703703703704,0.00040529100999260305
384.0,0.005603634770591748,0.004953703703703704,0.0002314814814814815,0.005185185185185186,0.00035526946481499456
384.5,0.0065488127150377575,0.007037037037037037,0.0002777777777777778,0.007314814814814815,0.00041894316416106513
385.0,0.006489713995321865,0.006273148148148148,0.00020833333333333335,0.006481481481481481,0.0003952508713975151
385.5,0.00668239874654732,0.006944444444444444,0.0002314814814814815,0.007175925925925926,0.0004150883691711362
386.0,0.0065131836277452304,0.006666666666666667,0.00011574074074074075,0.006782407407407408,0.0004039667427591621
386.5,0.008539926126616353,0.008425925925925925,0.00018518518518518518,0.008611111111111111,0.0004533433946886704
387.0,0.008186978100116312,0.00800925925925926,0.0002777777777777778,0.008287037037037037,0.00044499271772716347
387.5,0.01002222452614488,0.009560185185185185,0.0002777777777777778,0.009837962962962963,0.0004836523358057357
388.0,0.00823772906398485,0.00863425925925926,0.0002777777777777778,0.008912037037037038,0.00046096215834144085
388.5,0.007203262707655831,0.006435185185185185,0.0002546296296296296,0.006689814814814815,0.00040130509865274897
389.0,0.007078200788793511,0.007199074074074074,0.0004398148148148148,0.007638888888888889,0.0004278026291117503
389.5,0.005797613632685707,0.005671296296296297,0.00011574074074074075,0.005787037037037038,0.0003743636580383259
390.0,0.004797591371029921,0.004768518518518518,0.00020833333333333335,0.004976851851851851,0.00034841621914849925
390.5,0.004431811752416454,0.0043518518518518515,0.0002777777777777778,0.004629629629629629,0.0003366842888009565
391.0,0.006785442789718177,0.006782407407407407,0.0002546296296296296,0.007037037037037037,0.0004111974387627211
391.5,0.011067935185735083,0.011319444444444444,0.00030092592592592595,0.011620370370370371,0.0005245750781893546
392.0,0.011791159272951539,0.01085648148148148,0.00018518518518518518,0.011041666666666667,0.0005116474309425897
392.5,0.01055413054555483,0.00986111111111111,0.0002314814814814815,0.010092592592592592,0.0004897078581357654
393.0,0.009350382091618079,0.01074074074074074,0.0002314814814814815,0.010972222222222222,0.0005100740958940047
393.5,0.007638942688359869,0.007407407407407408,0.00032407407407407406,0.0077314814814814815,0.00043030040265572636
394.0,0.008012066082605847,0.008171296296296296,0.00020833333333333335,0.00837962962962963,0.0004473945304549011
394.5,0.00764432695330533,0.008148148148148147,0.00037037037037037035,0.008518518518518517,0.0004509732657897728
395.0,0.010869764588484591,0.010694444444444444,0.0002777777777777778,0.010972222222222222,0.0005100740958940047
395.5,0.01035168019900404,0.009930555555555555,0.0005555555555555556,0.010486111111111111,0.0004989218488757786
396.0,0.009632203152645867,0.008310185185185184,0.0004398148148148148,0.008749999999999999,0.0004568755345649176
396.5,0.010084235073013738,0.009652777777777777,0.00037037037037037035,0.010023148148148147,0.0004880638032387293
397.0,0.008993971578036119,0.009166666666666667,0.0002546296296296296,0.009421296296296296,0.00047357630874226496
397.5,0.010344371779113652,0.009837962962962963,0.0003935185185185185,0.010231481481481482,0.0004929795197531543
398.0,0.009279488542263205,0.009189814814814816,0.00034722222222222224,0.009537037037037038,0.0004763965827075087
398.5,0.01187188685143401,0.012939814814814815,0.00032407407407407406,0.01326388888888889,0.000559663669366039
399.0,0.01273473171945711,0.012708333333333334,0.0002314814814814815,0.012939814814814815,0.0005529210686260911
399.5,0.013883602622844755,0.014490740740740742,0.00037037037037037035,0.014861111111111111,0.0005917737400677504
400.0,0.011218508098156542,0.011481481481481481,0.0002777777777777778,0.01175925925925926,0.0005276305840581071
400.5,0.008798443969892189,0.008796296296296297,0.0002777777777777778,0.009074074074074075,0.0004650128694580612
401.0,0.011382737867238025,0.012175925925925925,0.00020833333333333335,0.012384259259259258,0.0005411669112446655
401.5,0.008230862843769459,0.008819444444444444,0.00018518518518518518,0.00900462962962963,0.000463281187264877
402.0,0.008383368717597628,0.008912037037037038,0.0002777777777777778,0.009189814814814816,0.00046788476420488726
402.5,0.009794827991815512,0.010231481481481482,0.00034722222222222224,0.010578703703703705,0.0005010652236349872
403.0,0.009365141384625063,0.010115740740740741,0.00030092592592592595,0.010416666666666668,0.0004973082555091555
403.5,0.010325645529968614,0.010092592592592592,0.0002314814814814815,0.010324074074074074,0.0004951486180398821
404.0,0.009811972593528614,0.00886574074074074,0.0002777777777777778,0.009143518518518518,0.0004667381268438285
404.5,0.012327906608569736,0.012083333333333333,0.00034722222222222224,0.012430555555555556,0.00054215615771793
405.0,0.014009627465059413,0.012893518518518518,0.00034722222222222224,0.01324074074074074,0.0005591847512634536
405.5,0.014263898807162872,0.013171296296296296,0.0003935185185185185,0.013564814814814814,0.0005658527199927655
406.0,0.014007446585739913,0.013472222222222222,0.0002314814814814815,0.013703703703703704,0.0005686864877059615
406.5,0.012633652923999341,0.013587962962962963,0.00030092592592592595,0.01388888888888889,0.0005724430237157683
407.0,0.011046546483020683,0.011134259259259259,0.00020833333333333335,0.011342592592592592,0.0005184100418636815
407.5,0.009793177338271866,0.009467592592592593,0.00020833333333333335,0.009675925925925926,0.0004797590276290003
408.0,0.008592002722861189,0.008402777777777778,0.00018518518518518518,0.008587962962962964,0.0004527520256665441
408.5,0.010533888011324011,0.010324074074074074,0.0002314814814814815,0.010555555555555556,0.0005005302404187895
409.0,0.012174305554029525,0.011620370370370371,0.0002777777777777778,0.011898148148148149,0.0005306684970955323
409.5,0.010191211123399933,0.010185185185185186,0.0002314814814814815,0.010416666666666668,0.0004973082555091555
410.0,0.014461592603923445,0.013518518518518518,0.0002314814814814815,0.01375,0.0005696279442098325
410.5,0.016317342731630664,0.016273148148148148,0.0002777777777777778,0.016550925925925924,0.0006239489106569882
411.0,0.01481016842267209,0.015462962962962963,0.00016203703703703703,0.015625,0.0006065301085704631
411.5,0.01887373274373856,0.019189814814814816,0.00037037037037037035,0.019560185185185187,0.0006774740011687254
412.0,0.01956822605291407,0.02034722222222222,0.0002546296296296296,0.02060185185185185,0.0006950422120853883
412.5,0.016517595376595078,0.01752314814814815,0.0004398148148148148,0.017962962962962965,0.0006496139512310738
413.0,0.011987624679336497,0.01085648148148148,0.0002777777777777778,0.011134259259259259,0.0005137377158053578
413.5,0.012784273546505602,0.012175925925925925,0.0004398148148148148,0.01261574074074074,0.0005460952237961598
414.0,0.015413018473417453,0.015555555555555555,0.00018518518518518518,0.01574074074074074,0.0006087347176036051
414.5,0.021161872523407017,0.020856481481481483,0.00032407407407407406,0.021180555555555557,0.000704613082228655
415.0,0.022554820653552805,0.02400462962962963,0.00034722222222222224,0.02435185185185185,0.0007549100821529047
415.5,0.019029671087392955,0.019004629629629628,0.0003935185185185185,0.019398148148148147,0.0006747000555215198
416.0,0.026545672519854843,0.029166666666666667,0.0002314814814814815,0.02939814814814815,0.0008286746324114328
416.5,0.03925458259458297,0.03747685185185185,0.0003935185185185185,0.03787037037037037,0.0009395838980880081
417.0,0.018526502056473264,0.01902777777777778,0.00018518518518518518,0.019212962962962963,0.0006715158008708604
417.5,0.013690195481284806,0.013148148148148148,0.0003935185185185185,0.013541666666666667,0.0005653790445006982
418.0,0.009456917698040183,0.009398148148148149,0.00020833333333333335,0.009606481481481481,0.00047808076127727416
418.5,0.01117142719335885,0.011134259259259259,0.0002546296296296296,0.011388888888888888,0.0005194426292002624
419.0,0.009941660961144442,0.010324074074074074,0.00034722222222222224,0.010671296296296297,0.0005031994687866177
419.5,0.00896196160462706,0.008240740740740741,0.0003935185185185185,0.00863425925925926,0.00045393399329697284
420.0,0.00793439754857251,0.008888888888888889,0.0003935185185185185,0.009282407407407408,0.0004701696498348414
420.5,0.008688360122305814,0.008935185185185185,0.0002546296296296296,0.009189814814814814,0.0004678847642048872
421.0,0.007869576040683753,0.009074074074074075,0.00030092592592592595,0.009375000000000001,0.0004724434851668207
421.5,0.008340804572102607,0.008055555555555555,0.0002777777777777778,0.008333333333333333,0.0004461952401758497
422.0,0.012054422896702633,0.012986111111111111,0.0002777777777777778,0.01326388888888889,0.000559663669366039
422.5,0.009277517694650983,0.008819444444444444,0.00020833333333333335,0.009027777777777777,0.00046385913296629466
423.0,0.007548611380999834,0.00712962962962963,0.00016203703703703703,0.007291666666666667,0.00041830316522182393
423.5,0.009572322078215173,0.009560185185185185,0.00037037037037037035,0.009930555555555555,0.00048586307637141826
424.0,0.013903431245425106,0.014027777777777778,0.00032407407407407406,0.014351851851851852,0.0005817282446766909
424.5,0.011993357841724712,0.011666666666666667,0.00018518518518518518,0.011851851851851853,0.0005296577954531148
425.0,0.01419895648268988,0.014166666666666666,0.0002777777777777778,0.014444444444444444,0.0005835675605320933
425.5,0.014406698176674821,0.013449074074074073,0.0002314814814814815,0.013680555555555555,0.0005682151745040378
426.0,0.012378700903991388,0.012013888888888888,0.0002777777777777778,0.012291666666666666,0.0005391829733729889
426.5,0.015527616804645252,0.015555555555555555,0.00020833333333333335,0.01576388888888889,0.0006091746819908305
427.0,0.021806274488336188,0.022430555555555554,0.00034722222222222224,0.022777777777777775,0.0007303782118007626
427.5,0.01663415201129547,0.016064814814814816,0.0001388888888888889,0.016203703703703706,0.0006174744461673804
428.0,0.008930792617012698,0.009050925925925926,0.00037037037037037035,0.009421296296296296,0.00047357630874226496
428.5,0.008236840590711888,0.008194444444444445,0.00032407407407407406,0.008518518518518519,0.00045097326578977286
429.0,0.011952996988904835,0.011481481481481481,0.0002777777777777778,0.01175925925925926,0.0005276305840581071
429.5,0.012696222856409593,0.012986111111111111,0.00034722222222222224,0.013333333333333334,0.0005610979710320872
430.0,0.013762452295041002,0.013842592592592592,0.0002546296296296296,0.014097222222222221,0.0005766398757153803
430.5,0.019551698454278246,0.020370370370370372,0.00034722222222222224,0.020717592592592593,0.0006969669005010159
431.0,0.04206590892309258,0.043125,0.00018518518518518518,0.04331018518518518,0.0010043602644360641
431.5,0.014524563103563926,0.014583333333333334,0.00032407407407407406,0.014907407407407407,0.0005926785241251371
432.0,0.01499474570032313,0.015069444444444444,0.00032407407407407406,0.015393518518518518,0.0006020966741110697
432.5,0.010842253564492307,0.01037037037037037,0.0002314814814814815,0.010601851851851852,0.0005015996362628948
433.0,0.011233109655100272,0.01085648148148148,0.00034722222222222224,0.011203703703703704,0.0005152998650581741
433.5,0.017635991812796167,0.0175,0.0003935185185185185,0.01789351851851852,0.000648375489470401
434.0,0.011842185231323622,0.011412037037037037,0.0003935185185185185,0.011805555555555555,0.0005286451614825169
434.5,0.010175321761526522,0.010439814814814815,0.00030092592592592595,0.010740740740740742,0.0005047942310240878
435.0,0.013046572286410072,0.012476851851851852,0.00032407407407407406,0.012800925925925926,0.000550006079561387
435.5,0.013260363203721216,0.012962962962962963,0.00020833333333333335,0.013171296296296296,0.0005577455295719587
436.0,0.010802831169402645,0.011134259259259259,0.00032407407407407406,0.011458333333333333,0.0005209876729045968
436.5,0.008467957802634634,0.008726851851851852,0.00030092592592592595,0.009027777777777779,0.00046385913296629466
437.0,0.010984059866678492,0.010486111111111111,0.0002777777777777778,0.010763888888888889,0.0005053247000077165
437.5,0.00855949756100782,0.008564814814814815,0.00030092592592592595,0.008865740740740742,0.0004597982578233875
438.0,0.011205109924869946,0.01099537037037037,0.00037037037037037035,0.01136574074074074,0.0005189265923690871
438.5,0.007820310958123848,0.007916666666666667,0.0004398148148148148,0.008356481481481482,0.00044679528770822193
439.0,0.007143632941964613,0.007430555555555556,0.0002777777777777778,0.0077083333333333335,0.00042967732051272107
439.5,0.010780659451924567,0.009444444444444445,0.00020833333333333335,0.009652777777777777,0.0004792002585859436
440.0,0.009564526272061134,0.010347222222222223,0.00037037037037037035,0.010717592592592593,0.0005042632040041307
440.5,0.012978691517653813,0.013449074074074073,0.0002777777777777778,0.013726851851851851,0.0005691574106185663
441.0,0.012253697188159916,0.012847222222222222,0.00020833333333333335,0.013055555555555555,0.0005553385381405306
441.5,0.01662194930619568,0.017291666666666667,0.00032407407407407406,0.01761574074074074,0.0006433978040013182
442.0,0.01773828071046027,0.018171296296296297,0.0002314814814814815,0.01840277777777778,0.0006574033648568675
442.5,0.026658489699343556,0.02666666666666667,0.0002546296296296296,0.026921296296296297,0.0007933266116767682
443.0,0.029215511511489156,0.029791666666666668,0.00034722222222222224,0.03013888888888889,0.000838956746684988
443.5,0.01674793964554285,0.016296296296296295,0.0002546296296296296,0.016550925925925924,0.0006239489106569882
444.0,0.017026924300109395,0.01699074074074074,0.00030092592592592595,0.017291666666666667,0.0006375413865123409
444.5,0.016848432118404654,0.01650462962962963,0.00032407407407407406,0.016828703703703703,0.000629080506980073
445.0,0.017118535748790697,0.01712962962962963,0.00032407407407407406,0.017453703703703704,0.0006404762890653317
445.5,0.017242256184927304,0.01662037037037037,0.0002314814814814815,0.01685185185185185,0.0006295062517759409
446.0,0.014525909417389597,0.014328703703703703,0.00032407407407407406,0.014652777777777777,0.0005876849739184897
446.5,0.014336880574306307,0.015416666666666667,0.0001388888888888889,0.015555555555555555,0.0006052034883528282
447.0,0.015546492449500213,0.014560185185185185,0.00018518518518518518,0.01474537037037037,0.0005895057044849782
447.5,0.010219040870301135,0.010046296296296296,0.00020833333333333335,0.01025462962962963,0.0004935226880891487
448.0,0.012657986619765894,0.012685185185185185,0.0002546296296296296,0.012939814814814814,0.0005529210686260911
448.5,0.010837205903061257,0.01125,0.00030092592592592595,0.011550925925925926,0.0005230406316619213
449.0,0.005643208941772348,0.0061805555555555555,0.00032407407407407406,0.006504629629629629,0.00039592813502349595
449.5,0.007046886523186867,0.007106481481481482,0.0002546296296296296,0.007361111111111112,0.00042022023787849914
450.0,0.007338737380176394,0.0075,0.0004398148148148148,0.007939814814814814,0.0004358680619062123
450.5,0.006742624925356258,0.006666666666666667,0.0002777777777777778,0.006944444444444445,0.00040858290051624447
451.0,0.007422208131777594,0.0076851851851851855,0.0002546296296296296,0.007939814814814814,0.0004358680619062123
451.5,0.006470619744279949,0.006898148148148148,0.00018518518518518518,0.007083333333333333,0.00041249849353712677
452.0,0.005859517355279964,0.00625,0.0002314814814814815,0.006481481481481482,0.00039525087139751517
452.5,0.007207050460688723,0.006689814814814815,0.00032407407407407406,0.007013888888888889,0.00041054536519407106
453.0,0.00509820340861361,0.00537037037037037,0.0002314814814814815,0.005601851851851852,0.00036859388811851955
453.5,0.005565538641678368,0.005208333333333333,0.0002546296296296296,0.005462962962962963,0.0003642065811901207
454.0,0.0067109619750825135,0.006643518518518518,0.0002546296296296296,0.006898148148148148,0.0004072693372559369
454.5,0.008098525122514182,0.008587962962962962,0.0002777777777777778,0.00886574074074074,0.0004597982578233875
455.0,0.007304727984657449,0.007407407407407408,9.259259259259259e-05,0.007500000000000001,0.00042402838218543116
455.5,0.005775961520309818,0.005393518518518519,0.0003935185185185185,0.005787037037037038,0.0003743636580383259
456.0,0.005201243872501324,0.00474537037037037,0.00032407407407407406,0.005069444444444444,0.00035147860363966615
456.5,0.007405898679760909,0.007453703703703704,0.00032407407407407406,0.0077777777777777776,0.0004315438680494226
457.0,0.007255212827289801,0.0075,0.00034722222222222224,0.007847222222222222,0.00043340237694217056
457.5,0.007207363240748683,0.007060185185185185,0.00030092592592592595,0.007361111111111111,0.00042022023787849914
458.0,0.009845772605709225,0.010046296296296296,0.00018518518518518518,0.010231481481481482,0.0004929795197531543
458.5,0.009505804120681003,0.009097222222222222,0.00034722222222222224,0.009444444444444445,0.0004741417055740169
459.0,0.007627090605015593,0.007430555555555556,0.00011574074074074075,0.007546296296296297,0.0004252901861366793
459.5,0.006893968286260587,0.006898148148148148,0.0001388888888888889,0.007037037037037037,0.0004111974387627211
460.0,0.006765441279188728,0.006921296296296296,0.0002314814814814815,0.007152777777777778,0.0004144424175424915
460.5,0.00871027789745317,0.008518518518518519,0.00037037037037037035,0.008888888888888889,0.00046038057589358714
461.0,0.008700306643308533,0.008657407407407407,0.00018518518518518518,0.008842592592592593,0.000459215201332375
461.5,0.007761617692467086,0.007314814814814815,0.00034722222222222224,0.007662037037037037,0.0004284284377088131
462.0,0.007108073185637908,0.006550925925925926,0.00020833333333333335,0.006759259259259259,0.00040330297853196967
462.5,0.007038772493263613,0.006782407407407407,0.0002546296296296296,0.007037037037037037,0.0004111974387627211
463.0,0.010832057788067255,0.010092592592592592,0.0003935185185185185,0.010486111111111111,0.0004989218488757786
463.5,0.014466112283164115,0.01324074074074074,0.00018518518518518518,0.013425925925925926,0.0005630046892762789
464.0,0.012465882385607792,0.012106481481481482,0.0003935185185185185,0.0125,0.0005436366522223597
464.5,0.010816022033546657,0.012129629629629629,0.0002777777777777778,0.012407407407407407,0.0005416617603161408
465.0,0.009423303571446199,0.00951388888888889,0.00034722222222222224,0.009861111111111112,0.0004842059672216285
465.5,0.007414620697908807,0.00787037037037037,0.00020833333333333335,0.008078703703703703,0.00043954065564633424
466.0,0.006389784277879346,0.006851851851851852,0.00034722222222222224,0.007199074074074074,0.00041573331714434686
466.5,0.005684112115544181,0.005185185185185185,0.00018518518518518518,0.00537037037037037,0.00036125210965673476
467.0,0.006516638154359702,0.00625,0.00016203703703703703,0.006412037037037037,0.000393212081518904
467.5,0.00653066092758563,0.006666666666666667,0.0002314814814814815,0.006898148148148149,0.0004072693372559369
468.0,0.005435358522793409,0.00525462962962963,0.00032407407407407406,0.005578703703703704,0.000367866303968764
468.5,0.004258875320956658,0.004120370370370371,0.0002546296296296296,0.004375,0.0003278141332155023
469.0,0.00423181554541977,0.004120370370370371,0.00032407407407407406,0.0044444444444444444,0.00033025689428670065
469.5,0.00631871538694563,0.006458333333333333,0.0003935185185185185,0.006851851851851852,0.00040595152363738317
470.0,0.007566040277852436,0.007175925925925926,0.0004166666666666667,0.007592592592592593,0.000426548257468658
470.5,0.009428580643476585,0.009560185185185185,0.00034722222222222224,0.009907407407407408,0.0004853113353491859
471.0,0.009521652693847821,0.008981481481481481,0.00018518518518518518,0.009166666666666667,0.0004673117972107855
471.5,0.00943703146666467,0.009930555555555555,0.0001388888888888889,0.010069444444444443,0.0004891604537953065
472.0,0.005806407982006377,0.00537037037037037,0.00018518518518518518,0.005555555555555555,0.0003671372779124321
472.5,0.006360915809723684,0.005740740740740741,0.00034722222222222224,0.0060879629629629626,0.0003835544633748753
473.0,0.01041372825503239,0.010625,0.00032407407407407406,0.010949074074074075,0.0005095485713250481
473.5,0.011325228594396122,0.010671296296296297,0.0001388888888888889,0.010810185185185185,0.000506383970879081
474.0,0.009355730393591175,0.009537037037037037,0.00030092592592592595,0.009837962962962963,0.0004836523358057357
474.5,0.00937959992757058,0.009722222222222222,0.0002777777777777778,0.01,0.00048751455287936223
475.0,0.011520306376056522,0.01138888888888889,0.00034722222222222224,0.011736111111111112,0.000527122563044697
475.5,0.00939517050026563,0.010462962962962962,0.0002777777777777778,0.01074074074074074,0.0005047942310240878
476.0,0.010520353523352467,0.011319444444444444,0.0002314814814814815,0.011550925925925926,0.0005230406316619213
476.5,0.012857381395861933,0.013495370370370371,0.00034722222222222224,0.013842592592592594,0.0005715062045817828
477.0,0.013630324198935864,0.013958333333333333,0.0002314814814814815,0.014189814814814815,0.0005784953701766365
477.5,0.018998925897075674,0.01835648148148148,0.00020833333333333335,0.018564814814814815,0.0006602499840696338
478.0,0.01633422488164376,0.016875,0.00020833333333333335,0.017083333333333336,0.0006337479693473428
478.5,0.015240746586563762,0.014699074074074074,0.0002314814814814815,0.014930555555555556,0.000593130398581829
479.0,0.011905384486811459,0.011412037037037037,0.00016203703703703703,0.011574074074074073,0.0005235526135279913
479.5,0.010793966084851815,0.010555555555555556,0.00034722222222222224,0.010902777777777779,0.0005084958928192247
480.0,0.010557427977610463,0.00949074074074074,0.0002314814814814815,0.009722222222222222,0.00048087461787549264
480.5,0.014359053421168963,0.013981481481481482,0.0002314814814814815,0.014212962962962964,0.0005789583146293801
481.0,0.01483999174186414,0.015023148148148148,0.00032407407407407406,0.015347222222222222,0.0006012060640497852
481.5,0.010882634170563482,0.011828703703703704,0.0004398148148148148,0.012268518518518519,0.0005386858472362613
482.0,0.008755190815988356,0.009236111111111112,0.00037037037037037035,0.009606481481481481,0.00047808076127727416
482.5,0.008606353799355706,0.007939814814814814,0.00032407407407407406,0.008263888888888888,0.00044439023624233507
483.0,0.008299682715676139,0.008032407407407408,0.0002777777777777778,0.008310185185185186,0.0004455943846065563
483.5,0.010487816584022312,0.010347222222222223,0.0002546296296296296,0.010601851851851852,0.0005015996362628948
484.0,0.007803606527178632,0.007546296296296297,0.00016203703703703703,0.0077083333333333335,0.00042967732051272107
484.5,0.006481190294686958,0.005694444444444445,0.0002546296296296296,0.0059490740740740745,0.00037934022433516973
485.0,0.007238767934154079,0.006990740740740741,0.0003935185185185185,0.00738425925925926,0.0004208573215299349
485.5,0.005135986486917747,0.005532407407407408,0.0002777777777777778,0.005810185185185186,0.00037507863871796967
486.0,0.004682698863014938,0.005138888888888889,0.0003935185185185185,0.005532407407407408,0.0003664068013427996
486.5,0.004670013263453267,0.004166666666666667,0.00034722222222222224,0.0045138888888888885,0.0003326817195337952
487.0,0.005550919084890191,0.005902777777777778,0.00032407407407407406,0.0062268518518518515,0.0003877228996988961
487.5,0.004026441172403643,0.004212962962962963,0.00018518518518518518,0.0043981481481481476,0.00032863040440367006
488.0,0.004436981840995157,0.004189814814814815,0.0002777777777777778,0.0044675925925925924,0.0003310671427166785
488.5,0.006680016992298882,0.006712962962962963,0.00034722222222222224,0.007060185185185185,0.00041184847991428884
489.0,0.00762236144485745,0.0076851851851851855,0.0002546296296296296,0.007939814814814814,0.0004358680619062123
489.5,0.005738757834626578,0.0060416666666666665,0.00018518518518518518,0.0062268518518518515,0.0003877228996988961
490.0,0.005788948537924588,0.005231481481481481,0.0001388888888888889,0.00537037037037037,0.00036125210965673476
490.5,0.006822049510112908,0.007013888888888889,0.00020833333333333335,0.007222222222222222,0.00041637726612596263
491.0,0.009219802179806625,0.008888888888888889,0.00030092592592592595,0.009189814814814816,0.00046788476420488726
491.5,0.009758072655964447,0.009768518518518518,0.0002777777777777778,0.010046296296296296,0.0004886124361848987
492.0,0.011665659417480599,0.01087962962962963,0.0002777777777777778,0.011157407407407408,0.0005142589594781943
492.5,0.012999710663905983,0.013356481481481481,0.00020833333333333335,0.013564814814814814,0.0005658527199927655
493.0,0.012718570983828326,0.012546296296296297,0.00034722222222222224,0.01289351851851852,0.0005519511161373273
493.5,0.012026379476694233,0.012337962962962964,0.00020833333333333335,0.012546296296296297,0.0005446214126940953
494.0,0.008163311933094277,0.00787037037037037,0.0004398148148148148,0.008310185185185184,0.00044559438460655624
494.5,0.008326153625436006,0.009166666666666667,0.0002777777777777778,0.009444444444444445,0.0004741417055740169
495.0,0.008776110672024913,0.008263888888888888,0.0003935185185185185,0.008657407407407407,0.00045452382449462955
495.5,0.009692963046250686,0.010046296296296296,0.00020833333333333335,0.01025462962962963,0.0004935226880891487
496.0,0.010238524567682218,0.010185185185185186,0.00034722222222222224,0.010532407407407409,0.0004999946847827511
496.5,0.010098420591521263,0.010324074074074074,0.00037037037037037035,0.010694444444444444,0.0005037316171830222
497.0,0.008535573195008094,0.009074074074074075,0.00016203703703703703,0.009236111111111112,0.00046902859838227366
497.5,0.00860221575901624,0.008657407407407407,0.00018518518518518518,0.008842592592592593,0.000459215201332375
498.0,0.00746683704033662,0.00800925925925926,0.0004398148148148148,0.008449074074074074,0.00044918746216811
498.5,0.006769359517181192,0.006782407407407407,0.00018518518518518518,0.006967592592592592,0.00040923810105726464
499.0,0.0075174315846461715,0.007453703703703704,0.0002314814814814815,0.0076851851851851855,0.00042905333351496406
499.5,0.0076682202882258545,0.008101851851851851,0.00020833333333333335,0.008310185185185184,0.00044559438460655624
500.0,0.005912713029975926,0.00636574074074074,0.0002777777777777778,0.006643518518518518,0.0003999676345397404
500.5,0.006956958412821167,0.007291666666666667,0.00034722222222222224,0.007638888888888889,0.0004278026291117503
501.0,0.0070894838244833155,0.006944444444444444,0.00030092592592592595,0.00724537037037037,0.00041702022074381395
501.5,0.006674689912997352,0.006782407407407407,0.00020833333333333335,0.00699074074074074,0.00040989225428110314
502.0,0.005550775320423579,0.005208333333333333,9.259259259259259e-05,0.005300925925925926,0.0003590203008791783
502.5,0.006249889982138271,0.005763888888888889,9.259259259259259e-05,0.005856481481481482,0.00037650452686243026
503.0,0.006637620767681201,0.0061342592592592594,0.00034722222222222224,0.006481481481481481,0.0003952508713975151
503.5,0.007398230604217747,0.0076851851851851855,0.0002546296296296296,0.007939814814814814,0.0004358680619062123
504.0,0.005645837768301889,0.005925925925925926,0.00016203703703703703,0.0060879629629629626,0.0003835544633748753
504.5,0.009328666576692478,0.009976851851851851,0.0002314814814814815,0.010208333333333333,0.0004924357522899428
505.0,0.007235523109355855,0.006851851851851852,0.0001388888888888889,0.006990740740740741,0.0004098922542811032
505.5,0.005772372051107523,0.0060648148148148145,0.0002314814814814815,0.006296296296296296,0.000389790401676319
506.0,0.007473155633904186,0.007523148148148148,0.0002314814814814815,0.0077546296296296295,0.00043092258386903887
506.5,0.006990238887509004,0.006435185185185185,0.00030092592592592595,0.006736111111111111,0.0004026381200657357
507.0,0.006402199238426657,0.007407407407407408,0.00030092592592592595,0.0077083333333333335,0.00042967732051272107
507.5,0.007443239754369889,0.007268518518518519,0.0003935185185185185,0.0076620370370370375,0.00042842843770881316
508.0,0.011531920735861822,0.011134259259259259,0.0001388888888888889,0.011273148148148147,0.0005168572928933462
508.5,0.01348197472851121,0.013032407407407407,0.00016203703703703703,0.013194444444444444,0.0005582256824261969
509.0,0.01685101742339396,0.016967592592592593,0.0002314814814814815,0.017199074074074075,0.0006358582172664937
509.5,0.021832731459362344,0.02210648148148148,0.0002546296296296296,0.02236111111111111,0.0007237453077878188
510.0,0.018839505628151183,0.01810185185185185,0.00032407407407407406,0.018425925925925925,0.0006578107789386095
510.5,0.014984550412683553,0.015601851851851851,0.0002777777777777778,0.01587962962962963,0.0006113697547246449
511.0,0.01007974218993781,0.010046296296296296,0.0004398148148148148,0.010486111111111111,0.0004989218488757786
511.5,0.012225674315328275,0.011550925925925926,0.00011574074074074075,0.011666666666666667,0.0005255955538080062
512.0,0.011310485368622553,0.01099537037037037,0.0002314814814814815,0.011226851851851852,0.0005158195301572644
512.5,0.009349199621657724,0.009189814814814816,0.00011574074074074075,0.009305555555555556,0.00047073913836487616
513.0,0.007877829894503021,0.009305555555555555,0.00020833333333333335,0.009513888888888888,0.00047583386518059383
513.5,0.00891220419344139,0.008796296296296297,0.0002314814814814815,0.009027777777777779,0.00046385913296629466
514.0,0.009530124226367514,0.00986111111111111,0.00020833333333333335,0.010069444444444443,0.0004891604537953065
514.5,0.008526390181867162,0.00798611111111111,0.0002314814814814815,0.008217592592592592,0.0004431828161629703
515.0,0.0070806987965285105,0.007083333333333333,0.00030092592592592595,0.007384259259259259,0.00042085732152993485
515.5,0.010115742185705956,0.00949074074074074,0.0002777777777777778,0.009768518518518518,0.0004819876260261028
516.0,0.011540446840667962,0.011805555555555555,0.00030092592592592595,0.012106481481481482,0.0005351930349638609
516.5,0.009890238241186898,0.01025462962962963,0.0002314814814814815,0.010486111111111111,0.0004989218488757786
517.0,0.011344106000679012,0.012222222222222223,0.00020833333333333335,0.012430555555555556,0.00054215615771793
517.5,0.010624049333972896,0.01087962962962963,0.0002777777777777778,0.011157407407407408,0.0005142589594781943
518.0,0.009368854025462886,0.008773148148148148,0.00016203703703703703,0.008935185185185185,0.00046154300794778395
518.5,0.0061742129132491925,0.006504629629629629,0.0002777777777777778,0.006782407407407407,0.0004039667427591621
519.0,0.005743103397891219,0.005486111111111111,0.00020833333333333335,0.005694444444444444,0.0003714899748433087
519.5,0.007249247088934835,0.006851851851851852,0.00018518518518518518,0.007037037037037037,0.0004111974387627211
520.0,0.0059539588894636985,0.006296296296296296,0.00037037037037037035,0.006666666666666667,0.0004006369247111454
520.5,0.008243520651425983,0.007893518518518518,0.0002314814814814815,0.008125,0.0004407580532348634
521.0,0.007184286777248509,0.007337962962962963,0.00037037037037037035,0.0077083333333333335,0.00042967732051272107
521.5,0.006639773690013866,0.00625,0.0002314814814814815,0.006481481481481482,0.00039525087139751517
522.0,0.006401146108819735,0.006273148148148148,0.00032407407407407406,0.006597222222222222,0.000398625683008431
522.5,0.004961686096429103,0.004814814814814815,0.0002777777777777778,0.005092592592592593,0.00035224003971606944
523.0,0.005167408960789262,0.005509259259259259,0.00032407407407407406,0.005833333333333333,0.00037579225908101647
523.5,0.005419376576291991,0.005231481481481481,0.0003935185185185185,0.005625,0.00036932003888364394
524.0,0.005436300432992038,0.005694444444444445,0.0003935185185185185,0.006087962962962963,0.00038355446337487534
524.5,0.004699417469058103,0.005,0.0002314814814814815,0.005231481481481482,0.0003567745312593233
525.0,0.006177638272577743,0.00625,0.00011574074074074075,0.006365740740740741,0.0003918469950466023
525.5,0.005754070433311985,0.005277777777777778,0.00016203703703703703,0.005439814814814815,0.00036347021476251307
526.0,0.005689856221790352,0.0059953703703703705,0.0002777777777777778,0.006273148148148148,0.0003891024549862125
526.5,0.006971240236706716,0.007662037037037037,0.00037037037037037035,0.008032407407407407,0.0004383198768486688
527.0,0.007091082046973148,0.007523148148148148,0.00020833333333333335,0.007731481481481481,0.00043030040265572636
527.5,0.009368963708002819,0.009328703703703704,0.00016203703703703703,0.00949074074074074,0.0004752704813998182
528.0,0.005936409018926639,0.0059722222222222225,0.0002314814814814815,0.006203703703703704,0.0003870312780489862
528.5,0.005368040483034518,0.005115740740740741,0.00011574074074074075,0.005231481481481482,0.0003567745312593233
529.0,0.005899866470081926,0.005625,0.0002546296296296296,0.00587962962962963,0.00037721544972414776
529.5,0.005282221632726533,0.004837962962962963,0.00016203703703703703,0.005,0.00034918433316577036
530.0,0.0055794166231189326,0.006273148148148148,0.00018518518518518518,0.006458333333333333,0.0003945724452845211
530.5,0.006762566598937191,0.007476851851851852,0.0004166666666666667,0.007893518518518518,0.00043463696789907384
531.0,0.007771733820394781,0.00800925925925926,0.0003935185185185185,0.008402777777777778,0.00044799297164537085
531.5,0.007713360168391963,0.007893518518518518,0.0002777777777777778,0.008171296296296296,0.0004419720975545446
532.0,0.0054498121535818,0.005578703703703704,0.0002777777777777778,0.005856481481481482,0.00037650452686243026
532.5,0.00582839788840075,0.005231481481481481,0.0002777777777777778,0.005509259259259259,0.00036567486556717736
533.0,0.005701033782751962,0.005856481481481482,0.0002314814814814815,0.006087962962962963,0.00038355446337487534
533.5,0.005504657072679731,0.0060648148148148145,0.00034722222222222224,0.006412037037037036,0.000393212081518904
534.0,0.007230996831570348,0.006828703703703704,0.0004166666666666667,0.007245370370370371,0.00041702022074381395
534.5,0.009033081468622993,0.008981481481481481,0.0002314814814814815,0.009212962962962963,0.0004684570304070071
535.0,0.0061689421496925615,0.00636574074074074,0.00034722222222222224,0.006712962962962962,0.0004019721619308744
535.5,0.0049795879099134525,0.005046296296296296,0.0002777777777777778,0.005324074074074074,0.0003597657754790807
536.0,0.005362811207825554,0.005486111111111111,0.00018518518518518518,0.005671296296296296,0.0003707680739308517
536.5,0.004832093212546632,0.004976851851851852,0.0002777777777777778,0.00525462962962963,0.0003575246885433207
537.0,0.004939758156852288,0.004953703703703704,0.0002314814814814815,0.005185185185185186,0.00035526946481499456
537.5,0.007453888934411069,0.007962962962962963,0.00018518518518518518,0.00814814814814815,0.00044136549282207746
538.0,0.006552483280889512,0.006574074074074074,0.00037037037037037035,0.006944444444444445,0.00040858290051624447
538.5,0.008985608026523265,0.009097222222222222,0.0002546296296296296,0.00935185185185185,0.0004718760535499584
539.0,0.011065290822547388,0.01136574074074074,0.00018518518518518518,0.011550925925925926,0.0005230406316619213
539.5,0.008418246701056103,0.008958333333333334,0.0002777777777777778,0.009236111111111112,0.00046902859838227366
540.0,0.009493174938008307,0.009583333333333333,0.00030092592592592595,0.00988425925925926,0.00048475896634896955
540.5,0.0077822285321786375,0.0075,0.00034722222222222224,0.007847222222222222,0.00043340237694217056
541.0,0.006159976395076185,0.006898148148148148,0.00030092592592592595,0.007199074074074074,0.00041573331714434686
541.5,0.004570359958886594,0.004675925925925926,0.00034722222222222224,0.005023148148148148,0.00034995076123808095
542.0,0.005998784122695959,0.0059722222222222225,0.0002314814814814815,0.006203703703703704,0.0003870312780489862
542.5,0.006628712275749939,0.006412037037037037,0.00020833333333333335,0.00662037037037037,0.00039929722252556016
543.0,0.006118019546999886,0.005,0.0002546296296296296,0.00525462962962963,0.0003575246885433207
543.5,0.007282733192617229,0.007592592592592593,0.0004166666666666667,0.00800925925925926,0.00043770821065858886
544.0,0.005819221179578284,0.0060185185185185185,0.00016203703703703703,0.0061805555555555555,0.0003863384182624646
544.5,0.006196716177736269,0.005486111111111111,0.00020833333333333335,0.005694444444444444,0.0003714899748433087
545.0,0.006560119686089735,0.007083333333333333,0.00030092592592592595,0.007384259259259259,0.00042085732152993485
545.5,0.006788991301878373,0.006666666666666667,0.00030092592592592595,0.006967592592592593,0.00040923810105726464
546.0,0.010260554076240548,0.009837962962962963,0.0002546296296296296,0.010092592592592592,0.0004897078581357654
546.5,0.009678141292984327,0.010162037037037037,0.00018518518518518518,0.010347222222222223,0.0004956894095192005
547.0,0.009288166922614563,0.009606481481481481,0.00030092592592592595,0.009907407407407408,0.0004853113353491859
547.5,0.011192506649135665,0.010717592592592593,0.0005092592592592592,0.011226851851851852,0.0005158195301572644
548.0,0.007418578118602603,0.007638888888888889,0.00034722222222222224,0.00798611111111111,0.00043709568851140016
548.5,0.009036710425518138,0.00886574074074074,0.0002546296296296296,0.009120370370370369,0.00046616375050726226
549.0,0.014480039444270757,0.014675925925925926,0.0002777777777777778,0.014953703703703703,0.0005935819290414154
549.5,0.013301826146758775,0.012615740740740742,0.0002546296296296296,0.01287037037037037,0.000551465500138089
550.0,0.010855198627456953,0.011064814814814816,0.00020833333333333335,0.011273148148148148,0.0005168572928933462
550.5,0.0074518800578167186,0.007569444444444445,0.00032407407407407406,0.007893518518518518,0.00043463696789907384
551.0,0.005963883319410799,0.0062037037037037035,0.00018518518518518518,0.006388888888888888,0.0003925301316965878
551.5,0.007704850166777062,0.007592592592592593,0.00016203703703703703,0.0077546296296296295,0.00043092258386903887
552.0,0.007490366181909414,0.007337962962962963,0.00018518518518518518,0.007523148148148148,0.0004246597528156897
552.5,0.0070333460346406265,0.00712962962962963,0.00032407407407407406,0.007453703703703704,0.00042276281219309823
553.0,0.007378707025040703,0.006759259259259259,0.00018518518518518518,0.006944444444444444,0.00040858290051624447
553.5,0.006385338200464852,0.006550925925925926,0.00030092592592592595,0.006851851851851852,0.00040595152363738317
554.0,0.008245993843707545,0.008564814814814815,0.00037037037037037035,0.008935185185185185,0.00046154300794778395
554.5,0.006882864477547886,0.006967592592592593,0.00034722222222222224,0.007314814814814815,0.00041894316416106513
555.0,0.0065663267183157315,0.006527777777777778,0.00034722222222222224,0.006875,0.00040661096432118195
555.5,0.008216842538381864,0.007962962962962963,0.00018518518518518518,0.00814814814814815,0.00044136549282207746
556.0,0.009684622831067649,0.009560185185185185,0.00020833333333333335,0.009768518518518518,0.0004819876260261028
556.5,0.011509154730823618,0.011064814814814816,0.0001388888888888889,0.011203703703703704,0.0005152998650581741
557.0,0.016057178943682627,0.01513888888888889,0.0004166666666666667,0.015555555555555555,0.0006052034883528282
557.5,0.012340843392631029,0.012986111111111111,0.0002546296296296296,0.01324074074074074,0.0005591847512634536
558.0,0.01221261381985027,0.013888888888888888,0.0002314814814814815,0.01412037037037037,0.0005771043086199737
558.5,0.011879162233519295,0.012824074074074075,0.00020833333333333335,0.013032407407407407,0.0005548558868583562
559.0,0.012859926014608504,0.012013888888888888,0.0002314814814814815,0.01224537037037037,0.0005381882619028029
559.5,0.009023094948460876,0.008217592592592592,0.0002314814814814815,0.008449074074074074,0.00044918746216811
560.0,0.008458814475641053,0.008472222222222223,0.00030092592592592595,0.00877314814814815,0.0004574615730820108
560.5,0.007644664696784935,0.007245370370370371,0.0002777777777777778,0.007523148148148149,0.00042465975281568975
561.0,0.008156077478052979,0.008657407407407407,0.0001388888888888889,0.008796296296296295,0.0004580468618049429
561.5,0.006642208052738991,0.006296296296296296,0.0004398148148148148,0.006736111111111111,0.0004026381200657357
562.0,0.005767381384298004,0.005810185185185186,0.00032407407407407406,0.0061342592592592594,0.0003849489575257554
562.5,0.005913717708786811,0.005925925925925926,0.0002314814814814815,0.0061574074074074074,0.00038564431366591473
563.0,0.004249619807707127,0.004583333333333333,0.0002777777777777778,0.004861111111111111,0.0003445499643771452
563.5,0.006888897168910455,0.006967592592592593,0.0002314814814814815,0.007199074074074075,0.00041573331714434686
564.0,0.007503612967964793,0.008125,0.00011574074074074075,0.008240740740740741,0.0004437869368343662
564.5,0.0074780746862476094,0.007523148148148148,0.00018518518518518518,0.007708333333333333,0.000429677320512721
565.0,0.011990366543575697,0.012523148148148148,0.0002777777777777778,0.012800925925925926,0.000550006079561387
565.5,0.007856919404205085,0.008125,0.0002777777777777778,0.008402777777777778,0.00044799297164537085
566.0,0.004850007099385818,0.005115740740740741,0.0002314814814814815,0.005347222222222223,0.0003605097085637957
566.5,0.00672305257229581,0.006550925925925926,0.00030092592592592595,0.006851851851851852,0.00040595152363738317
567.0,0.0085470643123008,0.008657407407407407,0.00018518518518518518,0.008842592592592593,0.000459215201332375
567.5,0.009024334899156102,0.008958333333333334,0.0003935185185185185,0.009351851851851853,0.00047187605354995845
568.0,0.012699573549466912,0.011898148148148149,0.00020833333333333335,0.012106481481481482,0.0005351930349638609
568.5,0.0076173183753135984,0.007638888888888889,0.00030092592592592595,0.007939814814814814,0.0004358680619062123
569.0,0.008608784078144877,0.008263888888888888,0.000462962962962963,0.008726851851851852,0.00045628874336464914
569.5,0.01426182179027159,0.014583333333333334,0.00020833333333333335,0.014791666666666667,0.0005904139642197733
570.0,0.015751651273486267,0.015532407407407408,0.00037037037037037035,0.01590277777777778,0.0006118078242019802
570.5,0.01401898271200269,0.014143518518518519,0.00018518518518518518,0.014328703703703705,0.000581267506310077
571.0,0.008812418527893847,0.009375,0.00020833333333333335,0.009583333333333333,0.0004775200284184626
571.5,0.011841385839639609,0.011944444444444445,0.00032407407407407406,0.012268518518518519,0.0005386858472362613
572.0,0.011282025625425476,0.011087962962962963,0.00037037037037037035,0.011458333333333333,0.0005209876729045968
572.5,0.01155987962999861,0.011157407407407408,0.00032407407407407406,0.011481481481481481,0.0005215016702573787
573.0,0.013526134359733629,0.012847222222222222,0.0002777777777777778,0.013125,0.0005567839816590698
573.5,0.019781942361659696,0.02122685185185185,0.0002546296296296296,0.02148148148148148,0.0007095389161721274
574.0,0.016705641537688505,0.01733796296296296,0.0003935185185185185,0.01773148148148148,0.0006454765046128028
574.5,0.016392792399551166,0.017361111111111112,0.0002777777777777778,0.017638888888888888,0.0006438140810485642
575.0,0.01654072476622805,0.01673611111111111,0.00030092592592592595,0.017037037037037038,0.0006329019000812869
575.5,0.01386315036911684,0.013032407407407407,0.0002777777777777778,0.013310185185185185,0.0005606202782040945
576.0,0.012214279532465844,0.012638888888888889,0.0003935185185185185,0.013032407407407407,0.0005548558868583562
576.5,0.014104050992639939,0.01425925925925926,0.0004166666666666667,0.014675925925925926,0.0005881406849829933
577.0,0.017721985914308902,0.018287037037037036,0.00018518518518518518,0.01847222222222222,0.0006586248510443539
577.5,0.014727352366987016,0.015092592592592593,0.0002777777777777778,0.015370370370370371,0.0006016515338739885
578.0,0.01270785336968503,0.013032407407407407,0.0001388888888888889,0.013171296296296296,0.0005577455295719587
578.5,0.012784276837450584,0.0125,0.00018518518518518518,0.012685185185185186,0.0005475650680430991
579.0,0.010303636358156664,0.010347222222222223,0.00032407407407407406,0.010671296296296297,0.0005031994687866177
579.5,0.010097987243643908,0.009467592592592593,0.0002314814814814815,0.009699074074074075,0.0004803171466377319
580.0,0.00975198468481646,0.009907407407407408,0.0003935185185185185,0.010300925925925927,0.0004946072352727125
580.5,0.01207793769032227,0.012152777777777778,0.0004166666666666667,0.012569444444444444,0.0005451131258074792
581.0,0.007856690809884796,0.009189814814814816,0.000462962962962963,0.00965277777777778,0.00047920025858594367
581.5,0.0067855250119387015,0.007407407407407408,0.00034722222222222224,0.0077546296296296295,0.00043092258386903887
582.0,0.008404853231572378,0.00837962962962963,0.00030092592592592595,0.008680555555555556,0.0004551128912653578
582.5,0.007132831680004005,0.006782407407407407,0.0002546296296296296,0.007037037037037037,0.0004111974387627211
583.0,0.00564983128859936,0.0060185185185185185,0.0002314814814814815,0.00625,0.00038841328982619646
583.5,0.006892528031487664,0.006851851851851852,0.0001388888888888889,0.006990740740740741,0.0004098922542811032
584.0,0.008836842698943047,0.009722222222222222,0.00032407407407407406,0.010046296296296296,0.0004886124361848987
584.5,0.0075107752093169665,0.0077777777777777776,0.0002777777777777778,0.008055555555555555,0.000438930690660064
585.0,0.006816658669239635,0.006527777777777778,0.00020833333333333335,0.006736111111111111,0.0004026381200657357
585.5,0.006416744753936156,0.006296296296296296,0.0002314814814814815,0.006527777777777778,0.0003966042421178476
586.0,0.00671249069350951,0.006828703703703704,0.00032407407407407406,0.007152777777777778,0.0004144424175424915
586.5,0.005708249021566163,0.005694444444444445,0.00030092592592592595,0.0059953703703703705,0.00038075015341301456
587.0,0.007747683727906185,0.008425925925925925,0.0002777777777777778,0.008703703703703703,0.00045570119657359034
587.5,0.007515892765527717,0.006990740740740741,0.00016203703703703703,0.007152777777777778,0.0004144424175424915
588.0,0.008778318267897529,0.009282407407407408,0.0002314814814814815,0.00951388888888889,0.00047583386518059383
588.5,0.005473996716902882,0.005462962962962963,0.00032407407407407406,0.005787037037037037,0.0003743636580383259
589.0,0.003974101835397096,0.003912037037037037,0.00020833333333333335,0.00412037037037037,0.0003186971941298767
589.5,0.004003348504073589,0.004375,0.00030092592592592595,0.004675925925925926,0.000338272055970905
590.0,0.008398217886785925,0.007430555555555556,0.0002546296296296296,0.0076851851851851855,0.00042905333351496406
590.5,0.01088716096500024,0.01087962962962963,0.000462962962962963,0.011342592592592593,0.0005184100418636816
591.0,0.010578617267325008,0.01087962962962963,0.00018518518518518518,0.011064814814814816,0.0005121708019331449
591.5,0.011148725975358435,0.010486111111111111,0.00037037037037037035,0.01085648148148148,0.0005074410305529531
592.0,0.010595771753515225,0.010578703703703703,0.0002314814814814815,0.010810185185185185,0.000506383970879081
592.5,0.009412337227407986,0.00849537037037037,0.0002777777777777778,0.008773148148148148,0.00045746157308201076
593.0,0.010542812077305426,0.011203703703703704,0.0002777777777777778,0.011481481481481481,0.0005215016702573787
593.5,0.008654526938815594,0.008425925925925925,0.00034722222222222224,0.008773148148148148,0.00045746157308201076
594.0,0.007006335814606593,0.007060185185185185,0.0002546296296296296,0.007314814814814815,0.00041894316416106513
594.5,0.010001216735938257,0.009675925925925926,0.0002546296296296296,0.009930555555555555,0.00048586307637141826
595.0,0.00802186061012257,0.0077083333333333335,0.0002314814814814815,0.007939814814814814,0.0004358680619062123
595.5,0.010442002735138397,0.009259259259259259,0.0002546296296296296,0.009513888888888888,0.00047583386518059383
596.0,0.015133998979118924,0.015810185185185184,0.00030092592592592595,0.01611111111111111,0.0006157364246322924
596.5,0.01613972607341763,0.01525462962962963,0.0002314814814814815,0.015486111111111112,0.000603873953757211
597.0,0.020746085543975078,0.021064814814814814,0.0003935185185185185,0.021458333333333333,0.0007091612205979884
597.5,0.020929480197299028,0.020902777777777777,0.0002777777777777778,0.021180555555555553,0.0007046130822286549
598.0,0.016464308852951103,0.016550925925925927,0.0002546296296296296,0.016805555555555556,0.0006286544738563603
598.5,0.019368008301275327,0.019537037037037037,0.00016203703703703703,0.019699074074074074,0.0006798426603528892
599.0,0.018270742495961438,0.018032407407407407,0.0002777777777777778,0.018310185185185183,0.0006557711773739198
599.5,0.015471517700460876,0.01574074074074074,0.0002546296296296296,0.015995370370370368,0.0006135569743760685
600.0,0.01411358839483915,0.014143518518518519,0.00016203703703703703,0.014305555555555556,0.0005808064024520104
600.5,0.0261656534975741,0.027291666666666665,0.00016203703703703703,0.027453703703703702,0.0008010564014701959
601.0,0.03842868454042138,0.03891203703703704,0.00032407407407407406,0.03923611111111111,0.0009562595204989514
601.5,0.02424973353193918,0.02511574074074074,0.00032407407407407406,0.025439814814814814,0.0007714101114079789
602.0,0.018847461454811032,0.018055555555555554,0.00020833333333333335,0.01826388888888889,0.0006549535583146334
602.5,0.017212731746745022,0.017222222222222222,0.00032407407407407406,0.017546296296296296,0.0006421473537325002
603.0,0.01623222264772241,0.015648148148148147,0.0002546296296296296,0.015902777777777776,0.0006118078242019802
603.5,0.013607213514024878,0.013078703703703703,0.0002546296296296296,0.013333333333333332,0.0005610979710320872
604.0,0.013961705161497247,0.015185185185185185,0.0002314814814814815,0.015416666666666667,0.0006025414854914973
604.5,0.0137841125385869,0.01273148148148148,0.0001388888888888889,0.012870370370370369,0.0005514655001380889
605.0,0.017101072218731948,0.016921296296296295,0.00018518518518518518,0.01710648148148148,0.0006341705806914801
605.5,0.019132627685024276,0.02011574074074074,0.00020833333333333335,0.020324074074074074,0.0006904010685306668
606.0,0.015677584633208685,0.015601851851851851,0.0004166666666666667,0.01601851851851852,0.0006139934833271476
606.5,0.013666176093504321,0.01326388888888889,0.0002314814814814815,0.013495370370370371,0.00056443050097877
607.0,0.008860701890744798,0.008819444444444444,0.0002314814814814815,0.009050925925925926,0.00046443635947127483
607.5,0.011306330947152348,0.01085648148148148,0.0004166666666666667,0.011273148148148147,0.0005168572928933462
608.0,0.014289092815167876,0.014004629629629629,0.00034722222222222224,0.014351851851851852,0.0005817282446766909
608.5,0.022636987096101374,0.023101851851851853,0.00018518518518518518,0.023287037037037037,0.0007384041854245066
609.0,0.020976993097804375,0.020717592592592593,0.00018518518518518518,0.020902777777777777,0.0007000353951733453
609.5,0.022216144761683456,0.021203703703703704,0.00037037037037037035,0.021574074074074075,0.0007110476922214654
610.0,0.019457286009505217,0.019421296296296298,0.00016203703703703703,0.019583333333333335,0.0006778693524730639
610.5,0.01748726767721375,0.017222222222222222,0.00018518518518518518,0.017407407407407406,0.0006396391196053608
611.0,0.020499226640011237,0.021157407407407406,0.0002314814814814815,0.021388888888888888,0.0007080269249908246
611.5,0.02112814553794686,0.020324074074074074,0.0003935185185185185,0.020717592592592593,0.0006969669005010159
612.0,0.018115480677350495,0.01787037037037037,0.00016203703703703703,0.018032407407407407,0.0006508500564047865
612.5,0.015709172767175223,0.016087962962962964,0.00032407407407407406,0.016412037037037037,0.0006213672203567795
613.0,0.0198890070174382,0.019328703703703702,0.00018518518518518518,0.019513888888888886,0.0006766826056092952
613.5,0.0171215183185559,0.017199074074074075,0.0002314814814814815,0.017430555555555557,0.0006400578412082846
614.0,0.01895280601608036,0.019282407407407408,0.00016203703703703703,0.019444444444444445,0.0006754937738026304
614.5,0.01909406548324899,0.01965277777777778,0.0002546296296296296,0.01990740740740741,0.0006833802555677853
615.0,0.023090367803169098,0.02300925925925926,0.0002314814814814815,0.023240740740740742,0.0007376781598549953
615.5,0.01682332158515501,0.016689814814814814,0.00032407407407407406,0.017013888888888887,0.0006324784410268975
616.0,0.01717378314052125,0.01712962962962963,0.0002777777777777778,0.017407407407407406,0.0006396391196053608
616.5,0.013327666505760916,0.014467592592592593,0.00032407407407407406,0.014791666666666667,0.0005904139642197733
617.0,0.01514339305738307,0.01636574074074074,0.00016203703703703703,0.016527777777777777,0.000623519371268731
617.5,0.021565509781728626,0.020787037037037038,0.0002314814814814815,0.02101851851851852,0.0007019463927601203
618.0,0.018307476721122228,0.018032407407407407,0.0002777777777777778,0.018310185185185183,0.0006557711773739198
618.5,0.019219496027131758,0.018703703703703705,0.0003935185185185185,0.019097222222222224,0.0006695179512199729
619.0,0.01705666809879621,0.01650462962962963,0.0002314814814814815,0.01673611111111111,0.0006273746386422958
619.5,0.0133518509075161,0.014143518518518519,0.00032407407407407406,0.014467592592592593,0.0005840264843892501
620.0,0.01383819310877652,0.014212962962962964,0.00030092592592592595,0.01451388888888889,0.0005849432519428225
620.5,0.01646963623127023,0.01678240740740741,0.00011574074074074075,0.016898148148148148,0.0006303568787205955
621.0,0.019011730802688004,0.01923611111111111,0.0002777777777777778,0.019513888888888886,0.0006766826056092952
621.5,0.01519857588533297,0.015462962962962963,0.00018518518518518518,0.015648148148148147,0.0006069716709741784
622.0,0.013043452430617655,0.012847222222222222,0.0002777777777777778,0.013125,0.0005567839816590698
622.5,0.012805769521078111,0.012962962962962963,0.00020833333333333335,0.013171296296296296,0.0005577455295719587
623.0,0.015400445132399703,0.015601851851851851,0.00018518518518518518,0.015787037037037037,0.0006096143288517078
623.5,0.017871690903570568,0.01712962962962963,0.0002314814814814815,0.017361111111111112,0.0006388008530083095
624.0,0.02524339913621963,0.02550925925925926,0.00034722222222222224,0.02585648148148148,0.000777636561454556
624.5,0.024720553876703428,0.024606481481481483,0.0002546296296296296,0.02486111111111111,0.0007626779404934005
625.0,0.021871427003381887,0.020787037037037038,0.00020833333333333335,0.020995370370370373,0.0007015646096734473
625.5,0.02359990773135749,0.02337962962962963,0.00030092592592592595,0.023680555555555555,0.0007445468192250475
626.0,0.02957476430340268,0.029421296296296296,0.0002546296296296296,0.029675925925925925,0.0008325453066076866
626.5,0.025891522434052183,0.02652777777777778,0.0001388888888888889,0.02666666666666667,0.0007896030068363259
627.0,0.020933841948641205,0.021805555555555557,0.0003935185185185185,0.022199074074074076,0.0007211493695525666
627.5,0.015772679084331324,0.014930555555555556,0.0002314814814814815,0.015162037037037038,0.0005976303517632998
628.0,0.012789863055753945,0.01337962962962963,0.0003935185185185185,0.013773148148148149,0.0005700980894437453
628.5,0.01696672040455117,0.016875,0.00037037037037037035,0.017245370370370373,0.0006367003580890314
629.0,0.013007912580739548,0.012476851851851852,0.0002546296296296296,0.01273148148148148,0.0005485427761500656
629.5,0.015192963783926304,0.015532407407407408,0.00030092592592592595,0.015833333333333335,0.0006104926727379252
630.0,0.018246960741952336,0.01888888888888889,0.00032407407407407406,0.019212962962962963,0.0006715158008708604
630.5,0.02119065086049358,0.020046296296296295,0.0001388888888888889,0.020185185185185184,0.00068806875735798
631.0,0.020256879568596974,0.019953703703703703,0.00030092592592592595,0.02025462962962963,0.0006892358994859603
631.5,0.019921360699321784,0.019166666666666665,0.0002546296296296296,0.019421296296296294,0.0006750970313098929
632.0,0.023155648290294078,0.022569444444444444,0.00037037037037037035,0.022939814814814816,0.0007329414639738293
632.5,0.025688302583863936,0.025925925925925925,0.00034722222222222224,0.026273148148148146,0.0007838135514516577
633.0,0.017459819964530207,0.01747685185185185,0.00037037037037037035,0.017847222222222223,0.0006475485324055678
633.5,0.016897467022619978,0.016342592592592593,0.00011574074074074075,0.016458333333333332,0.0006222289739792643
634.0,0.013808047965274697,0.014027777777777778,0.00032407407407407406,0.014351851851851852,0.0005817282446766909
634.5,0.011823022828196337,0.013564814814814814,0.00020833333333333335,0.013773148148148147,0.0005700980894437453
635.0,0.010749823381786478,0.010925925925925926,0.0002777777777777778,0.011203703703703704,0.0005152998650581741
635.5,0.011728068461155908,0.011898148148148149,0.00016203703703703703,0.012060185185185186,0.0005341908939213127
636.0,0.014170157556317332,0.014884259259259259,0.0002777777777777778,0.015162037037037036,0.0005976303517632998
636.5,0.012128730215219473,0.012523148148148148,0.00032407407407407406,0.012847222222222222,0.0005509794561323172
637.0,0.012215889862178237,0.012476851851851852,0.00018518518518518518,0.012662037037037038,0.0005470755587470117
637.5,0.02049389813677353,0.01965277777777778,0.0004861111111111111,0.02013888888888889,0.0006872895614853886
638.0,0.024566933195794328,0.025717592592592594,0.0002777777777777778,0.02599537037037037,0.0007797009954379929
638.5,0.03244791581242838,0.031041666666666665,0.00034722222222222224,0.03138888888888889,0.0008560278079557021
639.0,0.02667432947216201,0.026504629629629628,0.0002546296296296296,0.026759259259259257,0.0007909590731862941
639.5,0.024191008946865187,0.02349537037037037,0.0002546296296296296,0.02375,0.0007456255603895305
640.0,0.02006811560932654,0.02,0.0002314814814814815,0.020231481481481482,0.0006888470718363635
640.5,0.018293974765679854,0.018472222222222223,0.00030092592592592595,0.01877314814814815,0.000663891988450041
641.0,0.01780675279679541,0.019166666666666665,0.00030092592592592595,0.019467592592592592,0.0006758902834105605
641.5,0.01743306477793671,0.0175,0.00018518518518518518,0.017685185185185186,0.0006446458287166563
642.0,0.016576007379252102,0.01587962962962963,0.00030092592592592595,0.016180555555555556,0.0006170403997365363
642.5,0.015159349722360311,0.015532407407407408,0.0004166666666666667,0.015949074074074074,0.0006126830234959497
643.0,0.017753256467722918,0.017939814814814815,0.0002546296296296296,0.018194444444444444,0.0006537252123491444
643.5,0.01706903543065744,0.017083333333333332,0.00030092592592592595,0.01738425925925926,0.000639220123718608
644.0,0.017539468143192804,0.01662037037037037,0.00016203703703703703,0.016782407407407406,0.0006282281518182136
644.5,0.017620612276904465,0.016666666666666666,0.00034722222222222224,0.017013888888888887,0.0006324784410268975
645.0,0.020076803868203846,0.019074074074074073,0.0004861111111111111,0.019560185185185184,0.0006774740011687254
645.5,0.016294568630822667,0.016689814814814814,0.00032407407407407406,0.017013888888888887,0.0006324784410268975
646.0,0.010678974167685528,0.011157407407407408,0.00037037037037037035,0.011527777777777777,0.0005225281481476505
646.5,0.009637398779981661,0.00949074074074074,0.00032407407407407406,0.009814814814814814,0.0004830980699274791
647.0,0.008531387898882354,0.008125,0.00034722222222222224,0.008472222222222223,0.0004497835178524396
647.5,0.007997246688856577,0.00849537037037037,0.00020833333333333335,0.008703703703703703,0.00045570119657359034
648.0,0.011117704906646562,0.011087962962962963,0.00030092592592592595,0.01138888888888889,0.0005194426292002624
648.5,0.008918493478230436,0.008587962962962962,0.00020833333333333335,0.008796296296296295,0.0004580468618049429
649.0,0.011312101965938681,0.012361111111111111,0.00018518518518518518,0.012546296296296297,0.0005446214126940953
649.5,0.008705312294214507,0.008773148148148148,0.00016203703703703703,0.008935185185185185,0.00046154300794778395
650.0,0.009824140933701068,0.009351851851851853,0.0002546296296296296,0.009606481481481481,0.00047808076127727416
650.5,0.008864644365083984,0.00837962962962963,0.0002546296296296296,0.008634259259259258,0.00045393399329697284
651.0,0.012776042635898037,0.012476851851851852,0.00011574074074074075,0.012592592592592593,0.000545604395776179
651.5,0.012730305544098337,0.013101851851851852,0.00032407407407407406,0.013425925925925926,0.0005630046892762789
652.0,0.01189638931864977,0.012291666666666666,0.00016203703703703703,0.012453703703703703,0.0005426501046845541
652.5,0.010838250147910327,0.011111111111111112,0.0003935185185185185,0.01150462962962963,0.0005220151615077137
653.0,0.009632534077158207,0.009583333333333333,0.00034722222222222224,0.009930555555555555,0.00048586307637141826
653.5,0.010208191468951947,0.010347222222222223,0.0002546296296296296,0.010601851851851852,0.0005015996362628948
654.0,0.009213519937803807,0.009768518518518518,0.00030092592592592595,0.010069444444444445,0.0004891604537953067
654.5,0.007850075279951201,0.007592592592592593,0.0002314814814814815,0.007824074074074074,0.0004327837607586896
655.0,0.009336634024108234,0.00886574074074074,0.00018518518518518518,0.009050925925925926,0.00046443635947127483
655.5,0.008229502986381773,0.008171296296296296,0.0002777777777777778,0.008449074074074074,0.00044918746216811
656.0,0.00703006536669494,0.00738425925925926,0.0004166666666666667,0.007800925925925926,0.00043216425906563127
656.5,0.010113497593705188,0.009976851851851851,0.00018518518518518518,0.010162037037037037,0.000491346412023111
657.0,0.011712490447198616,0.011875,0.0002777777777777778,0.012152777777777778,0.0005361933030159977
657.5,0.00888815513371378,0.008842592592592593,0.00030092592592592595,0.00914351851851852,0.0004667381268438285
658.0,0.009606757622057083,0.010578703703703703,0.0001388888888888889,0.010717592592592591,0.0005042632040041306
658.5,0.014294613981390614,0.015555555555555555,0.0002314814814814815,0.015787037037037037,0.0006096143288517078
659.0,0.011523027408591352,0.01175925925925926,0.00018518518518518518,0.011944444444444445,0.0005316772774296529
659.5,0.013756761215427005,0.014189814814814815,0.0002314814814814815,0.014421296296296297,0.0005831082754880862
660.0,0.012990788708334311,0.013287037037037036,0.0002777777777777778,0.013564814814814814,0.0005658527199927655
660.5,0.01460549834753933,0.01462962962962963,0.00020833333333333335,0.014837962962962963,0.0005913208288831748
661.0,0.017017894240969354,0.016828703703703703,0.0002314814814814815,0.017060185185185185,0.0006333250759990416
661.5,0.012841529568014718,0.011967592592592592,0.0002314814814814815,0.012199074074074074,0.0005371917085404268
662.0,0.015459059532924651,0.015717592592592592,0.00034722222222222224,0.016064814814814813,0.0006148655715630706
662.5,0.015382654551359369,0.013935185185185186,0.0002314814814814815,0.014166666666666668,0.000578032054952937
663.0,0.016560183388774238,0.016412037037037037,0.0002314814814814815,0.01664351851851852,0.0006256641192850976
663.5,0.015135349981950964,0.015462962962962963,0.00020833333333333335,0.015671296296296298,0.0006074129123815817
664.0,0.013078525851476125,0.013657407407407408,0.0002546296296296296,0.013912037037037037,0.0005729108588284396
664.5,0.011366655447382804,0.011412037037037037,0.0003935185185185185,0.011805555555555555,0.0005286451614825169
665.0,0.011438634340551989,0.011458333333333333,0.0003935185185185185,0.011851851851851851,0.0005296577954531148
665.5,0.016230823769684804,0.016226851851851853,0.0002314814814814815,0.016458333333333335,0.0006222289739792643
666.0,0.01258352517773981,0.011087962962962963,0.00034722222222222224,0.011435185185185185,0.0005204731679499516
666.5,0.012159701789348453,0.011712962962962963,0.0002314814814814815,0.011944444444444445,0.0005316772774296529
667.0,0.011274656881614567,0.010763888888888889,0.0002314814814814815,0.01099537037037037,0.0005105990795768974
667.5,0.010784429547892087,0.010185185185185186,0.00030092592592592595,0.010486111111111113,0.0004989218488757787
668.0,0.009830767339832323,0.010462962962962962,0.0002777777777777778,0.01074074074074074,0.0005047942310240878
668.5,0.011124370334529414,0.011273148148148148,0.00018518518518518518,0.011458333333333334,0.0005209876729045968
669.0,0.00934826361446333,0.009398148148148149,0.0002314814814814815,0.00962962962962963,0.0004786408372319966
669.5,0.012662870605165034,0.012175925925925925,0.0002314814814814815,0.012407407407407407,0.0005416617603161408
670.0,0.009001409904712489,0.009212962962962963,0.00032407407407407406,0.009537037037037037,0.0004763965827075087
670.5,0.011278175745338771,0.012199074074074074,0.0001388888888888889,0.012337962962962962,0.0005401758531262894
671.0,0.009295548155562779,0.00912037037037037,0.0004398148148148148,0.009560185185185185,0.0004769586363387089
671.5,0.009302171905424152,0.009236111111111112,0.00032407407407407406,0.009560185185185185,0.0004769586363387089
672.0,0.00980079974659043,0.010347222222222223,0.0002546296296296296,0.010601851851851852,0.0005015996362628948
672.5,0.00851851198502167,0.008402777777777778,0.00030092592592592595,0.008703703703703705,0.0004557011965735904
673.0,0.009053969082060931,0.009212962962962963,0.0003935185185185185,0.009606481481481481,0.00047808076127727416
673.5,0.009523788456700408,0.009675925925925926,0.00020833333333333335,0.00988425925925926,0.00048475896634896955
674.0,0.011771748273965646,0.012106481481481482,0.0002546296296296296,0.012361111111111111,0.0005406716092633338
674.5,0.012422705369096477,0.011064814814814816,0.0002314814814814815,0.011296296296296297,0.000517375393674387
675.0,0.009620476618089487,0.010486111111111111,0.0001388888888888889,0.010624999999999999,0.0005021334801243162
675.5,0.008915959473625099,0.009606481481481481,0.0002314814814814815,0.009837962962962963,0.0004836523358057357
676.0,0.013744945712417092,0.013587962962962963,0.0002546296296296296,0.013842592592592592,0.0005715062045817827
676.5,0.010661521598892724,0.010555555555555556,0.00018518518518518518,0.010740740740740742,0.0005047942310240878
677.0,0.0081489335794728,0.008310185185185184,0.0002546296296296296,0.008564814814814813,0.00045215988320777676
677.5,0.007765356575230233,0.00738425925925926,0.00037037037037037035,0.00775462962962963,0.00043092258386903887
678.0,0.006793503765200706,0.00636574074074074,0.00030092592592592595,0.006666666666666666,0.00040063692471114533
678.5,0.0063553968288118335,0.00625,0.0002777777777777778,0.006527777777777778,0.0003966042421178476
679.0,0.005683520234544859,0.005810185185185186,0.00034722222222222224,0.0061574074074074074,0.00038564431366591473
679.5,0.005655670535657894,0.005694444444444445,0.00030092592592592595,0.0059953703703703705,0.00038075015341301456
680.0,0.009830870076708317,0.009722222222222222,0.0002777777777777778,0.01,0.00048751455287936223
680.5,0.01004321322728036,0.010810185185185185,0.0002777777777777778,0.011087962962962963,0.0005126936386532695
681.0,0.0066560898375863905,0.006805555555555555,0.0004861111111111111,0.007291666666666666,0.00041830316522182393
681.5,0.0052665706242864905,0.005115740740740741,0.00018518518518518518,0.005300925925925926,0.0003590203008791783
682.0,0.0051336309036560624,0.005069444444444444,0.0004166666666666667,0.005486111111111111,0.00036494146180570465
682.5,0.005659451751138919,0.005833333333333334,0.0002777777777777778,0.006111111111111111,0.00038425234304747863
683.0,0.007554523354074391,0.007476851851851852,0.0002314814814814815,0.0077083333333333335,0.00042967732051272107
683.5,0.007836787720784978,0.0077546296296296295,0.00030092592592592595,0.008055555555555555,0.000438930690660064
684.0,0.0075670335112374846,0.008032407407407408,0.00037037037037037035,0.008402777777777778,0.00044799297164537085
684.5,0.0046136448214303145,0.0044675925925925924,0.00037037037037037035,0.004837962962962963,0.0003437714956036981
685.0,0.003587215561244274,0.004189814814814815,0.00020833333333333335,0.0043981481481481476,0.00032863040440367006
685.5,0.0053620306760642335,0.004953703703703704,0.0002314814814814815,0.005185185185185186,0.00035526946481499456
686.0,0.005391189498450733,0.005069444444444444,0.0002314814814814815,0.005300925925925926,0.0003590203008791783
686.5,0.00671426602948432,0.006388888888888889,0.00030092592592592595,0.006689814814814815,0.00040130509865274897
687.0,0.006850724040923612,0.007314814814814815,0.00030092592592592595,0.007615740740740741,0.00042717590371208576
687.5,0.006566098309152323,0.006967592592592593,0.0002546296296296296,0.007222222222222223,0.00041637726612596263
688.0,0.00840312742315215,0.008726851851851852,0.0002777777777777778,0.00900462962962963,0.000463281187264877
688.5,0.009031247961372814,0.00900462962962963,0.0002314814814814815,0.009236111111111112,0.00046902859838227366
689.0,0.008930691380649659,0.008194444444444445,0.0004166666666666667,0.008611111111111111,0.0004533433946886704
689.5,0.007823778355079598,0.008611111111111111,0.0002546296296296296,0.00886574074074074,0.0004597982578233875
690.0,0.008723873517170619,0.008402777777777778,0.00037037037037037035,0.008773148148148148,0.00045746157308201076
690.5,0.012966505238599248,0.012361111111111111,0.00016203703703703703,0.012523148148148148,0.0005441292552346578
691.0,0.008153043438834459,0.008263888888888888,0.00034722222222222224,0.008611111111111111,0.0004533433946886704
691.5,0.007800226061411754,0.007638888888888889,0.00020833333333333335,0.007847222222222222,0.00043340237694217056
692.0,0.011971118194134323,0.012175925925925925,0.00034722222222222224,0.012523148148148148,0.0005441292552346578
692.5,0.009970170892791905,0.009166666666666667,0.0001388888888888889,0.009305555555555555,0.0004707391383648761
693.0,0.008585625221724867,0.008703703703703703,0.00020833333333333335,0.008912037037037036,0.0004609621583414408
693.5,0.009554865214742596,0.008912037037037038,0.00020833333333333335,0.00912037037037037,0.0004661637505072623
694.0,0.008082417528410539,0.007592592592592593,0.0002777777777777778,0.00787037037037037,0.0004340201114024693
694.5,0.010189522779392456,0.010115740740740741,0.0002546296296296296,0.01037037037037037,0.0004962296116438259
695.0,0.011823532189811107,0.011458333333333333,0.0002314814814814815,0.011689814814814814,0.0005261050493441717
695.5,0.009628289875531878,0.00949074074074074,0.00037037037037037035,0.00986111111111111,0.00048420596722162845
696.0,0.009163424016097509,0.008611111111111111,0.0002314814814814815,0.008842592592592593,0.000459215201332375
696.5,0.010183025217685888,0.01025462962962963,0.0002314814814814815,0.010486111111111111,0.0004989218488757786
697.0,0.010178144790211003,0.010763888888888889,0.00032407407407407406,0.011087962962962963,0.0005126936386532695
697.5,0.010211424368321698,0.008819444444444444,0.0004166666666666667,0.00923611111111111,0.00046902859838227366
698.0,0.011986436347457158,0.011296296296296296,0.0004166666666666667,0.011712962962962961,0.00052661405194708
698.5,0.014303273430193386,0.013912037037037037,0.00032407407407407406,0.01423611111111111,0.0005794208891998811
699.0,0.021071651154063085,0.021041666666666667,0.00034722222222222224,0.021388888888888888,0.0007080269249908246
699.5,0.016025896110530857,0.01462962962962963,0.0001388888888888889,0.014768518518518518,0.0005899600091387712
700.0,0.011874407455489745,0.01136574074074074,0.00037037037037037035,0.01173611111111111,0.0005271225630446969
700.5,0.010154316370407899,0.009976851851851851,0.0002546296296296296,0.01023148148148148,0.0004929795197531542
701.0,0.00853712917733657,0.008101851851851851,0.00020833333333333335,0.008310185185185184,0.00044559438460655624
701.5,0.006767952289619125,0.006828703703703704,0.0002546296296296296,0.007083333333333334,0.00041249849353712677
702.0,0.005736411956203887,0.0059490740740740745,0.0002546296296296296,0.006203703703703704,0.0003870312780489862
702.5,0.008153468805457401,0.00800925925925926,0.00020833333333333335,0.008217592592592592,0.0004431828161629703
703.0,0.008667220137285249,0.008217592592592592,0.00018518518518518518,0.008402777777777778,0.00044799297164537085
703.5,0.007592660871602544,0.0077777777777777776,0.00034722222222222224,0.008125,0.0004407580532348634
704.0,0.009807082243295363,0.009236111111111112,0.00034722222222222224,0.009583333333333334,0.0004775200284184627
704.5,0.00879410609860291,0.00900462962962963,0.00030092592592592595,0.009305555555555556,0.00047073913836487616
705.0,0.008275402518906783,0.009189814814814816,0.00018518518518518518,0.009375000000000001,0.0004724434851668207
705.5,0.00744593994581061,0.00738425925925926,0.00037037037037037035,0.00775462962962963,0.00043092258386903887
706.0,0.007936831745553078,0.008148148148148147,0.00018518518518518518,0.008333333333333333,0.0004461952401758497
706.5,0.011042246368105482,0.011134259259259259,0.0002546296296296296,0.011388888888888888,0.0005194426292002624
707.0,0.00835895957618965,0.008240740740740741,0.00018518518518518518,0.008425925925925927,0.00044859061448757336
707.5,0.0077933944615973545,0.007314814814814815,0.00020833333333333335,0.007523148148148148,0.0004246597528156897
708.0,0.008334252070248177,0.00949074074074074,0.0001388888888888889,0.009629629629629629,0.0004786408372319965
708.5,0.012354538836345894,0.012430555555555556,0.00030092592592592595,0.012731481481481483,0.0005485427761500656
709.0,0.009186204706007159,0.008888888888888889,0.0002777777777777778,0.009166666666666667,0.0004673117972107855
709.5,0.011743668960500058,0.01125,0.00037037037037037035,0.01162037037037037,0.0005245750781893545
710.0,0.010204929051979818,0.009814814814814814,0.0002314814814814815,0.010046296296296296,0.0004886124361848987
710.5,0.011636611167936774,0.010763888888888889,0.00032407407407407406,0.011087962962962963,0.0005126936386532695
711.0,0.011716042839621762,0.011273148148148148,0.00037037037037037035,0.011643518518518518,0.0005250855639036899
711.5,0.00837773831623176,0.008287037037037037,0.0004398148148148148,0.008726851851851852,0.00045628874336464914
712.0,0.010616491720932044,0.010416666666666666,0.00032407407407407406,0.01074074074074074,0.0005047942310240878
712.5,0.011286132581245147,0.01138888888888889,0.00030092592592592595,0.011689814814814816,0.0005261050493441717
713.0,0.013429937598594045,0.012662037037037038,0.00037037037037037035,0.013032407407407407,0.0005548558868583562
713.5,0.017408199881775978,0.01726851851851852,0.00020833333333333335,0.017476851851851855,0.0006408944637126982
714.0,0.012426393027938763,0.012129629629629629,0.0002777777777777778,0.012407407407407407,0.0005416617603161408
714.5,0.01180548906285897,0.011805555555555555,0.00034722222222222224,0.012152777777777778,0.0005361933030159977
715.0,0.012623337592445515,0.012430555555555556,0.0002546296296296296,0.012685185185185185,0.0005475650680430991
715.5,0.014645056644105632,0.014444444444444444,0.00032407407407407406,0.014768518518518518,0.0005899600091387712
716.0,0.012428222122109055,0.012847222222222222,0.0002546296296296296,0.01310185185185185,0.000556302584453316
716.5,0.01145486441697512,0.011041666666666667,0.00018518518518518518,0.011226851851851852,0.0005158195301572644
717.0,0.011370982636607591,0.011597222222222222,0.0002777777777777778,0.011875,0.0005301633871241414
717.5,0.009978058705230018,0.009537037037037037,0.00032407407407407406,0.00986111111111111,0.00048420596722162845
718.0,0.01197870963543243,0.01136574074074074,0.0002777777777777778,0.011643518518518518,0.0005250855639036899
718.5,0.010456169181169964,0.010925925925925926,0.0002546296296296296,0.011180555555555555,0.0005147796753624639
719.0,0.006867782956012143,0.007060185185185185,0.0002314814814814815,0.007291666666666667,0.00041830316522182393
719.5,0.00772670464123724,0.007847222222222222,0.00018518518518518518,0.008032407407407408,0.00043831987684866887
720.0,0.009176597073069542,0.008148148148148147,0.00011574074074074075,0.008263888888888888,0.00044439023624233507
720.5,0.00928357115016737,0.009467592592592593,0.00032407407407407406,0.009791666666666667,0.00048254316740056215
721.0,0.008982789315718555,0.008657407407407407,0.0002546296296296296,0.008912037037037036,0.0004609621583414408
721.5,0.010839833136742836,0.010763888888888889,0.00016203703703703703,0.010925925925925926,0.0005090225041947644
722.0,0.007976166069187099,0.008518518518518519,0.00030092592592592595,0.008819444444444446,0.00045863140360429433
722.5,0.009918434820805719,0.009166666666666667,0.0002546296296296296,0.009421296296296296,0.00047357630874226496
723.0,0.007290375600236606,0.008171296296296296,0.00016203703703703703,0.008333333333333333,0.0004461952401758497
723.5,0.007916669009184887,0.007060185185185185,0.00018518518518518518,0.00724537037037037,0.00041702022074381395
724.0,0.01144775666832246,0.011666666666666667,0.00037037037037037035,0.012037037037037037,0.0005336891177321892
724.5,0.011973021117620322,0.011967592592592592,0.0002546296296296296,0.012222222222222221,0.0005376902160977745
725.0,0.013781396186565823,0.013217592592592593,0.00018518518518518518,0.013402777777777779,0.0005625286156138111
725.5,0.014125269872281406,0.01476851851851852,0.0004166666666666667,0.015185185185185185,0.0005980784849093086
726.0,0.010697657082754474,0.010347222222222223,0.0002546296296296296,0.010601851851851852,0.0005015996362628948
726.5,0.010459696402785532,0.010601851851851852,0.0002546296296296296,0.01085648148148148,0.0005074410305529531
727.0,0.014897049712484298,0.015416666666666667,0.00016203703703703703,0.015578703703703704,0.0006056460179652142
727.5,0.011412914700038503,0.011481481481481481,0.00020833333333333335,0.011689814814814814,0.0005261050493441717
728.0,0.011569756475005372,0.011921296296296296,0.0004861111111111111,0.012407407407407407,0.0005416617603161408
728.5,0.01025141551003497,0.010717592592592593,0.0002546296296296296,0.010972222222222222,0.0005100740958940047
729.0,0.013292349166227613,0.012986111111111111,0.0002314814814814815,0.013217592592592593,0.0005587054226360094
729.5,0.02170729449142061,0.02162037037037037,0.0004861111111111111,0.02210648148148148,0.0007196617720535876
730.0,0.014541994060929797,0.014953703703703703,0.00030092592592592595,0.01525462962962963,0.0005994208741773012
730.5,0.010163608124934331,0.01074074074074074,0.00037037037037037035,0.01111111111111111,0.0005132159427358214
731.0,0.010596142266522621,0.010277777777777778,0.0002314814814814815,0.01050925925925926,0.000499458554885502
731.5,0.008044763585312037,0.00798611111111111,0.00030092592592592595,0.008287037037037037,0.00044499271772716347
732.0,0.008909385712488255,0.008703703703703703,0.00016203703703703703,0.00886574074074074,0.0004597982578233875
732.5,0.010266935138131738,0.010486111111111111,6.944444444444444e-05,0.010555555555555556,0.0005005302404187895
733.0,0.010830611666225027,0.011574074074074073,0.00011574074074074075,0.011689814814814814,0.0005261050493441717
733.5,0.012355408749338796,0.013865740740740741,0.00034722222222222224,0.014212962962962964,0.0005789583146293801
734.0,0.009219550429222807,0.008819444444444444,0.00020833333333333335,0.009027777777777777,0.00046385913296629466
734.5,0.010496863853806392,0.010231481481481482,9.259259259259259e-05,0.010324074074074074,0.0004951486180398821
735.0,0.012196340372123436,0.012106481481481482,0.00020833333333333335,0.012314814814814815,0.0005396796415819536
735.5,0.01316416534218844,0.013587962962962963,0.00020833333333333335,0.013796296296296296,0.0005705678472803188
736.0,0.013526668332547362,0.013217592592592593,0.00030092592592592595,0.01351851851851852,0.000564904971829629
736.5,0.010704859196727954,0.009907407407407408,0.00034722222222222224,0.010254629629629631,0.0004935226880891487
737.0,0.010550013345143477,0.009652777777777777,0.0002314814814814815,0.00988425925925926,0.00048475896634896955
737.5,0.010240275056243928,0.010439814814814815,0.00037037037037037035,0.010810185185185185,0.000506383970879081
738.0,0.009771077804148274,0.010162037037037037,0.0002777777777777778,0.010439814814814815,0.0004978467010639401
738.5,0.007493554071071288,0.0077083333333333335,0.0001388888888888889,0.007847222222222222,0.00043340237694217056
739.0,0.007313974729494107,0.006944444444444444,0.0002777777777777778,0.007222222222222222,0.00041637726612596263
739.5,0.008059882181862156,0.007546296296296297,0.0001388888888888889,0.0076851851851851855,0.00042905333351496406
740.0,0.01046950578774745,0.010671296296296297,0.0002314814814814815,0.010902777777777779,0.0005084958928192247
740.5,0.007899926069118041,0.007615740740740741,0.00020833333333333335,0.007824074074074074,0.0004327837607586896
741.0,0.0073357147642821325,0.006967592592592593,0.0002314814814814815,0.007199074074074075,0.00041573331714434686
741.5,0.00967398417864746,0.008819444444444444,0.0002777777777777778,0.009097222222222222,0.0004655886655883157
742.0,0.01239107918258568,0.011527777777777777,0.00030092592592592595,0.011828703703703704,0.0005291517207016953
742.5,0.012477472547194394,0.012152777777777778,0.00011574074074074075,0.012268518518518519,0.0005386858472362613
743.0,0.01083778592740501,0.011064814814814816,0.00016203703703703703,0.011226851851851852,0.0005158195301572644
743.5,0.013332815230855301,0.014305555555555556,0.0004166666666666667,0.014722222222222222,0.0005890510494495717
744.0,0.012403267681601536,0.012685185185185185,0.00018518518518518518,0.01287037037037037,0.000551465500138089
744.5,0.009900561488728248,0.009606481481481481,0.00030092592592592595,0.009907407407407408,0.0004853113353491859
745.0,0.012660066276449089,0.01224537037037037,0.0002546296296296296,0.012499999999999999,0.0005436366522223597
745.5,0.012725967605322703,0.013310185185185185,0.00034722222222222224,0.013657407407407408,0.0005677434700407972
746.0,0.011218162698298761,0.011342592592592593,0.0002546296296296296,0.011597222222222222,0.000524064095216109
746.5,0.010327830579489085,0.009467592592592593,0.00034722222222222224,0.009814814814814816,0.0004830980699274792
747.0,0.009842630723299377,0.010162037037037037,0.00018518518518518518,0.010347222222222223,0.0004956894095192005
747.5,0.009588230167995829,0.01037037037037037,0.00034722222222222224,0.010717592592592593,0.0005042632040041307
748.0,0.012292446997424803,0.013009259259259259,0.0002777777777777778,0.013287037037037036,0.0005601421779967544
748.5,0.011017434643120974,0.01074074074074074,0.00018518518518518518,0.010925925925925926,0.0005090225041947644
749.0,0.009557605394537457,0.009722222222222222,0.0004166666666666667,0.010138888888888888,0.0004908008352125087
749.5,0.008775167342214162,0.009097222222222222,0.00034722222222222224,0.009444444444444445,0.0004741417055740169
750.0,0.009682599621131556,0.010138888888888888,0.0002777777777777778,0.010416666666666666,0.0004973082555091555
750.5,0.00935183954932928,0.00962962962962963,0.0002314814814814815,0.009861111111111112,0.0004842059672216285
751.0,0.009387297975228536,0.009791666666666667,0.00030092592592592595,0.010092592592592594,0.0004897078581357654
751.5,0.010860417297418294,0.011111111111111112,0.00020833333333333335,0.011319444444444444,0.0005178929761470178
752.0,0.012416614198172343,0.011782407407407408,0.00032407407407407406,0.012106481481481482,0.0005351930349638609
752.5,0.012905466124471894,0.013194444444444444,0.0002314814814814815,0.013425925925925926,0.0005630046892762789
753.0,0.01732362751337284,0.01662037037037037,0.0002777777777777778,0.016898148148148145,0.0006303568787205955
753.5,0.017703196155974543,0.017106481481481483,0.00016203703703703703,0.01726851851851852,0.0006371210110751249
754.0,0.013335130077411569,0.013981481481481482,0.0002777777777777778,0.01425925925925926,0.0005798830947733082
754.5,0.014814430589106408,0.014560185185185185,0.00032407407407407406,0.014884259259259259,0.0005922263048839203
755.0,0.012854227438132861,0.012569444444444444,0.00016203703703703703,0.01273148148148148,0.0005485427761500656
755.5,0.014465624668682505,0.014328703703703703,0.00032407407407407406,0.014652777777777777,0.0005876849739184897
756.0,0.016584629417192392,0.01650462962962963,0.0003935185185185185,0.016898148148148148,0.0006303568787205955
756.5,0.017418176132300886,0.01861111111111111,0.00030092592592592595,0.018912037037037036,0.0006663089320309919
757.0,0.01107063217717806,0.011134259259259259,0.00034722222222222224,0.011481481481481481,0.0005215016702573787
757.5,0.012845436896344233,0.013819444444444445,0.00016203703703703703,0.013981481481481482,0.0005743120775776931
758.0,0.014744533024300876,0.014884259259259259,0.0002314814814814815,0.01511574074074074,0.000596733075858334
758.5,0.017929196181144753,0.01787037037037037,0.00016203703703703703,0.018032407407407407,0.0006508500564047865
759.0,0.01540561200192015,0.014953703703703703,0.00020833333333333335,0.015162037037037036,0.0005976303517632998
759.5,0.015477826362158224,0.015555555555555555,0.00032407407407407406,0.01587962962962963,0.0006113697547246449
760.0,0.01366134426277465,0.014421296296296297,0.00030092592592592595,0.014722222222222223,0.0005890510494495718
760.5,0.015523392892999423,0.015300925925925926,0.0002314814814814815,0.015532407407407408,0.0006047606349223991
761.0,0.012712301546884623,0.012199074074074074,0.00030092592592592595,0.0125,0.0005436366522223597
761.5,0.01402825506252619,0.014861111111111111,0.00016203703703703703,0.015023148148148148,0.0005949344642669424
762.0,0.014377908903033483,0.01511574074074074,0.00037037037037037035,0.01548611111111111,0.0006038739537572109
762.5,0.016859246330949703,0.017291666666666667,0.00020833333333333335,0.0175,0.0006413123656848319
763.0,0.015561751801817104,0.015486111111111112,0.0002314814814814815,0.015717592592592592,0.0006082944350010546
763.5,0.009888844502049248,0.00900462962962963,0.0001388888888888889,0.009143518518518518,0.0004667381268438285
764.0,0.008611620319967168,0.008842592592592593,0.00037037037037037035,0.009212962962962963,0.0004684570304070071
764.5,0.010833563756933957,0.010023148148148147,0.00030092592592592595,0.010324074074074074,0.0004951486180398821
765.0,0.009505762940765456,0.009050925925925926,0.0002314814814814815,0.009282407407407408,0.0004701696498348414
765.5,0.012472046744417178,0.012060185185185186,0.00020833333333333335,0.012268518518518519,0.0005386858472362613
766.0,0.013769321387031722,0.01412037037037037,0.0004398148148148148,0.014560185185185185,0.0005858585849151836
766.5,0.010941308790018664,0.011134259259259259,0.00030092592592592595,0.011435185185185185,0.0005204731679499516
767.0,0.013034592562903244,0.013148148148148148,0.00020833333333333335,0.013356481481481481,0.0005615752575203199
767.5,0.01030525506485587,0.010763888888888889,0.0002777777777777778,0.011041666666666667,0.0005116474309425897
768.0,0.011986676586380288,0.012013888888888888,0.00032407407407407406,0.012337962962962962,0.0005401758531262894
768.5,0.012854474343655393,0.012337962962962964,0.00020833333333333335,0.012546296296296297,0.0005446214126940953
769.0,0.01241756939228175,0.012314814814814815,0.0002546296296296296,0.012569444444444444,0.0005451131258074792
769.5,0.020281222467949552,0.02,0.00016203703703703703,0.020162037037037037,0.0006876792697831354
770.0,0.021403308797690476,0.022199074074074072,0.0002777777777777778,0.02247685185185185,0.00072559386323089
770.5,0.03045822851384627,0.02872685185185185,0.0002546296296296296,0.02898148148148148,0.0008228344819426495
771.0,0.021960702799068754,0.021527777777777778,0.00030092592592592595,0.021828703703703704,0.0007151804143033047
771.5,0.0190283567852073,0.019375,0.0002314814814814815,0.01960648148148148,0.0006782644733324453
772.0,0.02243721299944474,0.023703703703703703,0.0002314814814814815,0.023935185185185184,0.0007484946027913029
772.5,0.019938690566683025,0.020416666666666666,0.0002777777777777778,0.020694444444444442,0.0006965823882580612
773.0,0.02192074370834827,0.021689814814814815,0.0002314814814814815,0.021921296296296296,0.0007166773137568964
773.5,0.019113383954570958,0.01875,0.00020833333333333335,0.018958333333333334,0.0006671126339904366
774.0,0.02263949154757569,0.022222222222222223,0.00034722222222222224,0.022569444444444444,0.00072706932366115
774.5,0.02250207150215861,0.021944444444444444,0.0002546296296296296,0.022199074074074072,0.0007211493695525665
775.0,0.0242471964581398,0.02462962962962963,0.00032407407407407406,0.024953703703703704,0.0007640817940286297
775.5,0.02315935557824034,0.02210648148148148,0.00037037037037037035,0.022476851851851852,0.0007255938632308902
776.0,0.01889283503165845,0.018333333333333333,0.0003935185185185185,0.018726851851851852,0.0006630843828674991
776.5,0.01848622167214051,0.019537037037037037,0.00034722222222222224,0.019884259259259258,0.0006829880942865716
777.0,0.02015312549111245,0.02053240740740741,0.00034722222222222224,0.02087962962962963,0.0006996525693033745
777.5,0.019058588349324525,0.019976851851851853,0.00030092592592592595,0.02027777777777778,0.0006896245079047796
778.0,0.04285371612319623,0.04252314814814815,0.00020833333333333335,0.04273148148148148,0.0009976690942947292
778.5,0.026718512639386963,0.02462962962962963,0.0002546296296296296,0.02488425925925926,0.0007630291460212667
779.0,0.018768649208295313,0.01925925925925926,0.0003935185185185185,0.01965277777777778,0.0006790540253251701
779.5,0.021648007369192354,0.021319444444444443,0.00030092592592592595,0.02162037037037037,0.0007118008809624001
780.0,0.01980501707204817,0.02,0.0002314814814814815,0.020231481481481482,0.0006888470718363635
780.5,0.02449096387469919,0.024606481481481483,0.00030092592592592595,0.02490740740740741,0.0007633801899713093
781.0,0.018943579554378833,0.018541666666666668,0.0002546296296296296,0.018796296296296297,0.0006642954230542598
781.5,0.015794127604978277,0.01638888888888889,0.0002546296296296296,0.01664351851851852,0.0006256641192850976
782.0,0.010983318521054958,0.010717592592592593,0.0002314814814814815,0.010949074074074075,0.0005095485713250481
782.5,0.010514193091801637,0.009976851851851851,0.0002314814814814815,0.010208333333333333,0.0004924357522899428
783.0,0.011642306436248686,0.010162037037037037,0.00032407407407407406,0.010486111111111111,0.0004989218488757786
783.5,0.009354574113729579,0.009421296296296296,0.00034722222222222224,0.009768518518518518,0.0004819876260261028
784.0,0.013766169067321234,0.012916666666666667,0.00030092592592592595,0.013217592592592593,0.0005587054226360094
784.5,0.01652305092776057,0.016203703703703703,0.0002777777777777778,0.01648148148148148,0.0006226594035441659
785.0,0.009953493440172687,0.009814814814814814,0.0002546296296296296,0.010069444444444443,0.0004891604537953065
785.5,0.013155891466259093,0.01375,0.00032407407407407406,0.014074074074074074,0.0005761750684491309
786.0,0.011871573443497822,0.011296296296296296,0.00018518518518518518,0.011481481481481481,0.0005215016702573787
786.5,0.011273742151802636,0.011828703703703704,0.0002546296296296296,0.012083333333333333,0.0005346921992241329
787.0,0.007184832224527775,0.00662037037037037,0.0004398148148148148,0.007060185185185185,0.00041184847991428884
787.5,0.006517774064404538,0.006828703703703704,0.00037037037037037035,0.007199074074074075,0.00041573331714434686
788.0,0.007063786103181294,0.007222222222222222,0.00030092592592592595,0.007523148148148148,0.0004246597528156897
788.5,0.007656188458102144,0.007268518518518519,0.0002777777777777778,0.007546296296296297,0.0004252901861366793
789.0,0.008679201662546003,0.008472222222222223,0.0002546296296296296,0.008726851851851852,0.00045628874336464914
789.5,0.011178244474079984,0.011157407407407408,0.0002314814814814815,0.01138888888888889,0.0005194426292002624
790.0,0.009739057524999071,0.010138888888888888,0.0002314814814814815,0.01037037037037037,0.0004962296116438259
790.5,0.008745507369412616,0.008217592592592592,0.0003935185185185185,0.008611111111111111,0.0004533433946886704
791.0,0.016409440596392568,0.015949074074074074,0.00030092592592592595,0.01625,0.0006183416249898518
791.5,0.011522755195232156,0.011134259259259259,0.0002546296296296296,0.011388888888888888,0.0005194426292002624
792.0,0.009243262119211327,0.008657407407407407,0.00032407407407407406,0.008981481481481481,0.0004627025196720517
792.5,0.012529361905629897,0.012430555555555556,0.00032407407407407406,0.01275462962962963,0.0005490309772946419
793.0,0.016651510631554723,0.01662037037037037,0.0002777777777777778,0.016898148148148145,0.0006303568787205955
793.5,0.011577916260979475,0.011342592592592593,0.00034722222222222224,0.011689814814814816,0.0005261050493441717
794.0,0.012616647841770683,0.01324074074074074,0.0002777777777777778,0.013518518518518518,0.0005649049718296289
794.5,0.010498271797880442,0.009583333333333333,0.0002777777777777778,0.00986111111111111,0.00048420596722162845
795.0,0.007224361655607222,0.006851851851851852,0.00032407407407407406,0.007175925925925926,0.0004150883691711362
795.5,0.008806722036634292,0.008773148148148148,0.00018518518518518518,0.008958333333333334,0.0004621231274759756
796.0,0.007574208388061487,0.006828703703703704,0.00032407407407407406,0.007152777777777778,0.0004144424175424915
796.5,0.011747517603614003,0.011226851851851852,0.0002546296296296296,0.011481481481481481,0.0005215016702573787
797.0,0.012965601458843895,0.012430555555555556,0.0002546296296296296,0.012685185185185185,0.0005475650680430991
797.5,0.011133943978317892,0.011782407407407408,0.0002546296296296296,0.012037037037037037,0.0005336891177321892
798.0,0.010231881448377948,0.010324074074074074,0.00032407407407407406,0.010648148148148148,0.0005026667570313812
798.5,0.010248382545372485,0.010393518518518519,0.00034722222222222224,0.010740740740740742,0.0005047942310240878
799.0,0.01031489877927231,0.010324074074074074,0.0004166666666666667,0.01074074074074074,0.0005047942310240878
799.5,0.011337162828115397,0.011319444444444444,0.00037037037037037035,0.011689814814814814,0.0005261050493441717
800.0,0.01391234047675512,0.013495370370370371,0.00016203703703703703,0.013657407407407408,0.0005677434700407972
800.5,0.014712055382846546,0.015231481481481481,0.0002314814814814815,0.015462962962962963,0.0006034301245908075
801.0,0.012131937673314865,0.012546296296296297,0.00030092592592592595,0.012847222222222223,0.0005509794561323172
801.5,0.01212356146586187,0.011898148148148149,0.0002314814814814815,0.01212962962962963,0.0005356934024575223
802.0,0.016453443436455495,0.016921296296296295,0.00018518518518518518,0.01710648148148148,0.0006341705806914801
802.5,0.016250433792050503,0.017083333333333332,0.0002314814814814815,0.017314814814814814,0.0006379614849493397
803.0,0.013665545954832528,0.012962962962962963,0.00016203703703703703,0.013125,0.0005567839816590698
803.5,0.013237829630690204,0.013842592592592592,0.0002314814814814815,0.014074074074074074,0.0005761750684491309
804.0,0.008901788025781296,0.009143518518518518,0.000462962962962963,0.009606481481481481,0.00047808076127727416
804.5,0.006987884174544901,0.007430555555555556,0.00020833333333333335,0.007638888888888889,0.0004278026291117503
805.0,0.008411741488996968,0.008356481481481482,0.0002777777777777778,0.00863425925925926,0.00045393399329697284
805.5,0.007526274362569687,0.007199074074074074,0.0002546296296296296,0.007453703703703704,0.00042276281219309823
806.0,0.006155389585561874,0.005925925925925926,0.00018518518518518518,0.0061111111111111106,0.00038425234304747863
806.5,0.0076522088782249986,0.007106481481481482,0.00020833333333333335,0.007314814814814815,0.00041894316416106513
807.0,0.010475778776361947,0.01074074074074074,0.00032407407407407406,0.011064814814814814,0.0005121708019331448
807.5,0.00902476489204848,0.008564814814814815,0.0002546296296296296,0.008819444444444444,0.0004586314036042943
808.0,0.009829669770680468,0.009583333333333333,0.00032407407407407406,0.009907407407407406,0.0004853113353491859
808.5,0.007415738981358918,0.007638888888888889,0.0002777777777777778,0.007916666666666666,0.00043525295016483127
809.0,0.005320189748228604,0.005694444444444445,0.0002546296296296296,0.0059490740740740745,0.00037934022433516973
809.5,0.005930440464743703,0.007314814814814815,0.0003935185185185185,0.0077083333333333335,0.00042967732051272107
810.0,0.004486093768773374,0.005115740740740741,0.00020833333333333335,0.005324074074074074,0.0003597657754790807
810.5,0.0056671367993437124,0.0060416666666666665,0.0002777777777777778,0.006319444444444444,0.0003904771363366551
811.0,0.006906652831304868,0.006805555555555555,9.259259259259259e-05,0.006898148148148148,0.0004072693372559369
811.5,0.008443934736613427,0.009143518518518518,0.0003935185185185185,0.009537037037037037,0.0004763965827075087
812.0,0.008150387795420419,0.008287037037037037,0.0002314814814814815,0.008518518518518519,0.00045097326578977286
812.5,0.008233127068250379,0.00798611111111111,0.0002314814814814815,0.008217592592592592,0.0004431828161629703
813.0,0.00642504993095138,0.00636574074074074,0.00018518518518518518,0.006550925925925925,0.00039727919858527816
813.5,0.00799302352767167,0.007615740740740741,0.0001388888888888889,0.0077546296296296295,0.00043092258386903887
814.0,0.008680398081554878,0.008425925925925925,0.00020833333333333335,0.008634259259259258,0.00045393399329697284
814.5,0.008569841739078966,0.00875,0.0004166666666666667,0.009166666666666667,0.0004673117972107855
815.0,0.008242512071827588,0.00787037037037037,0.0002546296296296296,0.008124999999999999,0.0004407580532348633
815.5,0.007262987517727327,0.007222222222222222,0.00011574074074074075,0.007337962962962963,0.00041958218689545646
816.0,0.007696768440288954,0.007291666666666667,6.944444444444444e-05,0.007361111111111111,0.00042022023787849914
816.5,0.006996687590031378,0.006944444444444444,0.0002546296296296296,0.007199074074074074,0.00041573331714434686
817.0,0.006825622057804592,0.006712962962962963,0.00032407407407407406,0.007037037037037037,0.0004111974387627211
817.5,0.00807252234236572,0.007824074074074074,0.00032407407407407406,0.008148148148148147,0.0004413654928220774
818.0,0.007719012241842079,0.008541666666666666,0.00011574074074074075,0.008657407407407407,0.00045452382449462955
818.5,0.008103323765227597,0.007916666666666667,0.0002546296296296296,0.008171296296296296,0.0004419720975545446
819.0,0.008064872373566005,0.008240740740740741,0.00034722222222222224,0.008587962962962964,0.0004527520256665441
819.5,0.009398935994792093,0.009814814814814814,0.00016203703703703703,0.009976851851851851,0.00048696468301764537
820.0,0.008207339334745807,0.008194444444444445,0.0001388888888888889,0.008333333333333333,0.0004461952401758497
820.5,0.007903146416534794,0.007523148148148148,0.0003935185185185185,0.007916666666666666,0.00043525295016483127
821.0,0.009716147582079513,0.010023148148148147,0.00037037037037037035,0.010393518518518517,0.0004967692263364054
821.5,0.007506484099713665,0.0077083333333333335,0.00032407407407407406,0.008032407407407408,0.00043831987684866887
822.0,0.007218754954180747,0.007245370370370371,0.0001388888888888889,0.00738425925925926,0.0004208573215299349
822.5,0.005835348048783935,0.006412037037037037,0.00016203703703703703,0.006574074074074074,0.0003979530102804218
823.0,0.006129482641896458,0.006481481481481481,0.0002546296296296296,0.006736111111111111,0.0004026381200657357
823.5,0.005122222373067525,0.005,0.0002314814814814815,0.005231481481481482,0.0003567745312593233
824.0,0.0034141258228608394,0.003263888888888889,0.00020833333333333335,0.0034722222222222225,0.00029421840899402464
824.5,0.004599592316096927,0.004629629629629629,0.0001388888888888889,0.004768518518518518,0.00034142543973983186
825.0,0.00607965253423671,0.005625,0.0003935185185185185,0.0060185185185185185,0.00038145316368687094
825.5,0.00485694178649073,0.004606481481481481,0.00030092592592592595,0.004907407407407407,0.00034610164905366923
826.0,0.007783849254923395,0.007430555555555556,0.0002314814814814815,0.0076620370370370375,0.00042842843770881316
826.5,0.007117744214688291,0.007916666666666667,0.00037037037037037035,0.008287037037037037,0.00044499271772716347
827.0,0.006553372321052987,0.006527777777777778,0.0002546296296296296,0.006782407407407408,0.0004039667427591621
827.5,0.006091808397704525,0.005578703703703704,0.0002314814814814815,0.005810185185185186,0.00037507863871796967
828.0,0.006079436110886736,0.006319444444444444,0.00032407407407407406,0.006643518518518518,0.0003999676345397404
828.5,0.00870396936089202,0.009074074074074075,0.00020833333333333335,0.009282407407407408,0.0004701696498348414
829.0,0.007272222010519768,0.007569444444444445,0.00018518518518518518,0.0077546296296296295,0.00043092258386903887
829.5,0.008278717767138701,0.009305555555555555,0.00030092592592592595,0.009606481481481481,0.00047808076127727416
830.0,0.010970201844160572,0.011689814814814814,0.00030092592592592595,0.011990740740740741,0.0005326841473710151
830.5,0.009332193110935971,0.009606481481481481,0.00016203703703703703,0.009768518518518518,0.0004819876260261028
831.0,0.006953150013495701,0.007152777777777778,0.00020833333333333335,0.007361111111111111,0.00042022023787849914
831.5,0.0071137549173862745,0.007337962962962963,0.0002314814814814815,0.007569444444444445,0.0004259196863105296
832.0,0.005482471227905451,0.0059722222222222225,0.0001388888888888889,0.006111111111111111,0.00038425234304747863
832.5,0.005335864242703312,0.005092592592592593,0.0004166666666666667,0.00550925925925926,0.00036567486556717736
833.0,0.005464010208202364,0.0060648148148148145,0.00018518518518518518,0.0062499999999999995,0.0003884132898261964
833.5,0.006963590799771303,0.006828703703703704,0.0002777777777777778,0.007106481481481482,0.0004131474844811325
834.0,0.008745403164768841,0.008842592592592593,0.00018518518518518518,0.009027777777777779,0.00046385913296629466
834.5,0.007472706683486352,0.008078703703703704,0.00018518518518518518,0.00826388888888889,0.00044439023624233507
835.0,0.008903992606997417,0.008564814814814815,0.0002314814814814815,0.008796296296296297,0.00045804686180494293
835.5,0.00918734085052299,0.009768518518518518,0.0001388888888888889,0.009907407407407406,0.0004853113353491859
836.0,0.011130717651518247,0.01125,0.00020833333333333335,0.011458333333333333,0.0005209876729045968
836.5,0.01451221092069294,0.014675925925925926,0.0001388888888888889,0.014814814814814814,0.0005908675705336994
837.0,0.011819949043031956,0.011087962962962963,0.0003935185185185185,0.011481481481481481,0.0005215016702573787
837.5,0.013272572450764342,0.013587962962962963,0.00030092592592592595,0.01388888888888889,0.0005724430237157683
838.0,0.013557478967386705,0.012777777777777779,0.00032407407407407406,0.013101851851851852,0.000556302584453316
838.5,0.013724751610484165,0.013217592592592593,0.00030092592592592595,0.01351851851851852,0.000564904971829629
839.0,0.016679436713989044,0.01599537037037037,0.0002314814814814815,0.016226851851851853,0.0006179081877046151
839.5,0.013036918355099007,0.012361111111111111,0.00037037037037037035,0.01273148148148148,0.0005485427761500656
840.0,0.014509915703959233,0.014791666666666667,0.0002314814814814815,0.015023148148148148,0.0005949344642669424
840.5,0.013238236684007245,0.012893518518518518,0.00020833333333333335,0.01310185185185185,0.000556302584453316
841.0,0.01744900180994683,0.01761574074074074,0.0002777777777777778,0.017893518518518517,0.0006483754894704009
841.5,0.019768646630687912,0.02053240740740741,0.0002314814814814815,0.02076388888888889,0.0006977352892891188
842.0,0.019664165818131844,0.01990740740740741,0.00011574074074074075,0.020023148148148148,0.0006853376959669842
842.5,0.015481781259042135,0.015671296296296298,0.00032407407407407406,0.01599537037037037,0.0006135569743760686
843.0,0.01971634332804884,0.02034722222222222,0.0006018518518518519,0.020949074074074075,0.000700800419535319
843.5,0.0350543207854911,0.0343287037037037,0.00020833333333333335,0.03453703703703703,0.0008975842064781977
844.0,0.01690317805609822,0.017430555555555557,0.0002777777777777778,0.017708333333333333,0.0006450613003773154
844.5,0.013306625748568092,0.01425925925925926,0.0001388888888888889,0.014398148148148148,0.0005826486284030893
845.0,0.010898452103612935,0.01087962962962963,0.00030092592592592595,0.011180555555555556,0.0005147796753624639
845.5,0.012861627327682371,0.013356481481481481,0.0002546296296296296,0.01361111111111111,0.0005667988834221432
846.0,0.01166589435205151,0.011620370370370371,0.00020833333333333335,0.011828703703703704,0.0005291517207016953
846.5,0.014338952124445083,0.013703703703703704,0.00020833333333333335,0.013912037037037037,0.0005729108588284396
847.0,0.01498662104927848,0.01576388888888889,0.0002546296296296296,0.01601851851851852,0.0006139934833271476
847.5,0.02098090352791496,0.021180555555555557,0.00020833333333333335,0.02138888888888889,0.0007080269249908247
848.0,0.02678064415683961,0.027083333333333334,0.00018518518518518518,0.02726851851851852,0.0007983762673294284
848.5,0.029113971640551045,0.029768518518518517,0.00020833333333333335,0.029976851851851852,0.0008367183310227157
849.0,0.0390322265133787,0.039375,0.000462962962962963,0.039837962962962964,0.0009635164899340274
849.5,0.023543284776399397,0.02400462962962963,0.00018518518518518518,0.024189814814814813,0.0007524216735297337
850.0,0.01672482227390539,0.01685185185185185,0.0002777777777777778,0.017129629629629627,0.0006345929105948614
850.5,0.025772710316130897,0.024907407407407406,0.0002546296296296296,0.025162037037037035,0.0007672310726438333
851.0,0.03781292688325748,0.03675925925925926,0.00018518518518518518,0.036944444444444446,0.0009281079845786868
851.5,0.03131130259344311,0.03013888888888889,0.0002777777777777778,0.030416666666666665,0.0008427801990795242
852.0,0.022851023741380722,0.023773148148148147,0.0002546296296296296,0.024027777777777776,0.0007499250078897655
852.5,0.02139608967207575,0.019699074074074074,0.00032407407407407406,0.020023148148148148,0.0006853376959669842
853.0,0.01590019440214065,0.015509259259259259,0.00037037037037037035,0.01587962962962963,0.0006113697547246449
853.5,0.017883635091893554,0.018680555555555554,9.259259259259259e-05,0.018773148148148146,0.000663891988450041
854.0,0.02270113421182182,0.023217592592592592,0.00032407407407407406,0.023541666666666666,0.0007423846344328551
854.5,0.02528973943627226,0.023842592592592592,0.00030092592592592595,0.02414351851851852,0.0007517091866353024
855.0,0.026186597033947066,0.026157407407407407,0.00020833333333333335,0.02636574074074074,0.0007851796167056395
855.5,0.025775191482065623,0.025578703703703704,0.00032407407407407406,0.025902777777777778,0.0007783253145287275
856.0,0.022032144419604396,0.021689814814814815,0.00032407407407407406,0.02201388888888889,0.000718171093197544
856.5,0.020504530452821083,0.021458333333333333,0.00020833333333333335,0.021666666666666667,0.0007125532735622132
857.0,0.021757962358446292,0.02326388888888889,0.0002546296296296296,0.02351851851851852,0.000742023657762551
857.5,0.01541921964279498,0.014953703703703703,0.0003935185185185185,0.015347222222222222,0.0006012060640497852
858.0,0.013738401020062583,0.013773148148148149,0.0002546296296296296,0.014027777777777778,0.0005752443272010454
858.5,0.01575429929456679,0.015509259259259259,0.00020833333333333335,0.015717592592592592,0.0006082944350010546
859.0,0.015055552624530424,0.014722222222222222,0.00030092592592592595,0.015023148148148148,0.0005949344642669424
859.5,0.013614035818353716,0.014097222222222223,0.00037037037037037035,0.014467592592592593,0.0005840264843892501
860.0,0.012711075469583968,0.013425925925925926,0.00030092592592592595,0.013726851851851853,0.0005691574106185664
860.5,0.009484546423431195,0.009143518518518518,0.00034722222222222224,0.00949074074074074,0.0004752704813998182
861.0,0.00802569662267374,0.007962962962962963,0.00020833333333333335,0.008171296296296296,0.0004419720975545446
861.5,0.012917751728722724,0.013287037037037036,0.0004861111111111111,0.013773148148148147,0.0005700980894437453
862.0,0.009268499226166528,0.008958333333333334,0.00030092592592592595,0.00925925925925926,0.0004695994706802051
862.5,0.006679552136992429,0.007546296296296297,0.0002314814814814815,0.007777777777777778,0.0004315438680494226
863.0,0.0051771567227656325,0.005416666666666667,0.00032407407407407406,0.005740740740740741,0.00037292958441837164
863.5,0.005345354663310424,0.005671296296296297,9.259259259259259e-05,0.00576388888888889,0.00037364730923311623
864.0,0.007062122650550225,0.007199074074074074,0.0001388888888888889,0.007337962962962963,0.00041958218689545646
864.5,0.0066085164652175095,0.006944444444444444,0.00020833333333333335,0.007152777777777777,0.00041444241754249147
865.0,0.005489387952598071,0.005092592592592593,0.00030092592592592595,0.005393518518518519,0.00036199298818365274
865.5,0.00735782313972714,0.007476851851851852,0.00037037037037037035,0.007847222222222222,0.00043340237694217056
866.0,0.005933336863340948,0.005115740740740741,0.0002777777777777778,0.005393518518518519,0.00036199298818365274
866.5,0.00729814683112723,0.007245370370370371,0.0002777777777777778,0.007523148148148149,0.00042465975281568975
867.0,0.011324549843669256,0.011574074074074073,0.00020833333333333335,0.011782407407407406,0.00052813811640156
867.5,0.009277332313437513,0.00912037037037037,0.0002546296296296296,0.009375,0.0004724434851668206
868.0,0.009819214769304013,0.008541666666666666,0.0002546296296296296,0.008796296296296295,0.0004580468618049429
868.5,0.009026879135655854,0.009467592592592593,0.00016203703703703703,0.00962962962962963,0.0004786408372319966
869.0,0.010185681863995308,0.009444444444444445,0.00020833333333333335,0.009652777777777777,0.0004792002585859436
869.5,0.010928397029663296,0.010208333333333333,0.00037037037037037035,0.010578703703703703,0.0005010652236349872
870.0,0.0075352199581821926,0.007592592592592593,0.00032407407407407406,0.007916666666666667,0.0004352529501648313
870.5,0.0072318545063023865,0.008356481481481482,0.00030092592592592595,0.008657407407407409,0.00045452382449462955
871.0,0.007015416891451852,0.006805555555555555,0.00030092592592592595,0.007106481481481481,0.0004131474844811325
871.5,0.00681470912401899,0.006944444444444444,0.00020833333333333335,0.007152777777777777,0.00041444241754249147
872.0,0.005448969366573676,0.005162037037037037,0.0002546296296296296,0.005416666666666667,0.000362732353474044
872.5,0.010236964069711857,0.009236111111111112,0.00034722222222222224,0.009583333333333334,0.0004775200284184627
873.0,0.011756884093369177,0.011643518518518518,0.0002546296296296296,0.011898148148148147,0.0005306684970955321
873.5,0.013256065096000256,0.012777777777777779,0.0002314814814814815,0.01300925925925926,0.0005543728153676769
874.0,0.014510001966709471,0.01476851851851852,0.00016203703703703703,0.014930555555555556,0.000593130398581829
874.5,0.010502547388148164,0.009930555555555555,0.00016203703703703703,0.010092592592592592,0.0004897078581357654
875.0,0.011202387978631285,0.01099537037037037,0.0002777777777777778,0.011273148148148148,0.0005168572928933462
875.5,0.01163198374299135,0.010787037037037038,0.0002546296296296296,0.011041666666666667,0.0005116474309425897
876.0,0.009277424828123538,0.009675925925925926,0.0004398148148148148,0.010115740740740741,0.0004902546512605541
876.5,0.011797088566666418,0.012037037037037037,0.0002314814814814815,0.012268518518518519,0.0005386858472362613
877.0,0.011962222034901137,0.012199074074074074,0.0002777777777777778,0.012476851851851852,0.0005431436024449208
877.5,0.014927171357346964,0.015092592592592593,0.00020833333333333335,0.015300925925925926,0.0006003141327045842
878.0,0.013267033646611028,0.012986111111111111,0.0001388888888888889,0.013125,0.0005567839816590698
878.5,0.008199652569289896,0.008333333333333333,0.0004398148148148148,0.008773148148148148,0.00045746157308201076
879.0,0.008375239690666194,0.008449074074074074,0.00018518518518518518,0.00863425925925926,0.00045393399329697284
879.5,0.009154665966940879,0.010208333333333333,0.00020833333333333335,0.010416666666666666,0.0004973082555091555
880.0,0.008855128096067727,0.008148148148148147,0.00030092592592592595,0.008449074074074074,0.00044918746216811
880.5,0.010396571499891108,0.00949074074074074,0.0002546296296296296,0.00974537037037037,0.0004814314435925324
881.0,0.01160244015373354,0.01074074074074074,0.0002777777777777778,0.011018518518518518,0.0005111235240403864
881.5,0.016062910326067464,0.015601851851851851,0.0002314814814814815,0.01583333333333333,0.0006104926727379251
882.0,0.013797263954031812,0.01287037037037037,0.0002314814814814815,0.013101851851851852,0.000556302584453316
882.5,0.010400822761788164,0.010625,0.0001388888888888889,0.010763888888888889,0.0005053247000077165
883.0,0.010568713021877391,0.010300925925925925,0.00020833333333333335,0.010509259259259258,0.000499458554885502
883.5,0.01064352955152254,0.009953703703703704,0.0002314814814814815,0.010185185185185186,0.0004918913837125767
884.0,0.009608548641185148,0.00949074074074074,0.00016203703703703703,0.009652777777777777,0.0004792002585859436
884.5,0.011190270555828535,0.010949074074074075,0.00018518518518518518,0.01113425925925926,0.0005137377158053578
885.0,0.013100399457888505,0.013101851851851852,0.0002314814814814815,0.013333333333333334,0.0005610979710320872
885.5,0.010800260757311783,0.010486111111111111,0.00018518518518518518,0.010671296296296297,0.0005031994687866177
886.0,0.013105382319151728,0.012476851851851852,0.0004398148148148148,0.012916666666666667,0.0005524363052587419
886.5,0.01543234854781126,0.01615740740740741,0.0002314814814814815,0.01638888888888889,0.0006209358950577926
887.0,0.013272193642033603,0.013101851851851852,0.0003935185185185185,0.013495370370370371,0.00056443050097877
887.5,0.0104917994551864,0.010601851851851852,0.00037037037037037035,0.010972222222222222,0.0005100740958940047
888.0,0.007036859098449685,0.007245370370370371,0.00018518518518518518,0.007430555555555556,0.0004221286043502954
888.5,0.0063121842554961964,0.005925925925925926,0.00037037037037037035,0.006296296296296296,0.000389790401676319
889.0,0.008089576627459627,0.00849537037037037,0.0002314814814814815,0.008726851851851852,0.00045628874336464914
889.5,0.007858519496719155,0.008217592592592592,0.0002777777777777778,0.00849537037037037,0.00045037878468507427
890.0,0.008468136483770414,0.008263888888888888,0.0003935185185185185,0.008657407407407407,0.00045452382449462955
890.5,0.007789098098003788,0.008101851851851851,0.00034722222222222224,0.008449074074074074,0.00044918746216811
891.0,0.005873615920346985,0.0061574074074074074,0.0002546296296296296,0.006412037037037037,0.000393212081518904
891.5,0.004910250002887213,0.004768518518518518,0.00020833333333333335,0.004976851851851851,0.00034841621914849925
892.0,0.00626789141478124,0.006550925925925926,0.00030092592592592595,0.006851851851851852,0.00040595152363738317
892.5,0.00842998263704984,0.009282407407407408,0.00018518518518518518,0.009467592592592593,0.0004747064289930423
893.0,0.007829125498178985,0.008587962962962962,0.00032407407407407406,0.008912037037037036,0.0004609621583414408
893.5,0.008991070136885777,0.009027777777777777,0.00020833333333333335,0.00923611111111111,0.00046902859838227366
894.0,0.009512856926857976,0.009259259259259259,0.00034722222222222224,0.009606481481481481,0.00047808076127727416
894.5,0.013680378634780463,0.013773148148148149,0.0004398148148148148,0.014212962962962964,0.0005789583146293801
895.0,0.011686338205200195,0.011203703703703704,0.00020833333333333335,0.011412037037037037,0.0005199581538866084
895.5,0.012190750615044552,0.012476851851851852,0.00032407407407407406,0.012800925925925926,0.000550006079561387
896.0,0.011083106628547123,0.011620370370370371,0.00030092592592592595,0.011921296296296298,0.0005311731267414792
896.5,0.010288461712949807,0.009305555555555555,0.0002546296296296296,0.009560185185185184,0.00047695863633870887
897.0,0.009203414629250506,0.00875,0.00030092592592592595,0.009050925925925928,0.00046443635947127494
897.5,0.010835343046600691,0.010347222222222223,0.00030092592592592595,0.01064814814814815,0.0005026667570313812
898.0,0.0072912088694791904,0.007152777777777778,0.00020833333333333335,0.007361111111111111,0.00042022023787849914
898.5,0.00786291724428197,0.008657407407407407,0.0002777777777777778,0.008935185185185185,0.00046154300794778395
899.0,0.007786632177893397,0.007546296296296297,0.00011574074074074075,0.0076620370370370375,0.00042842843770881316
899.5,0.009930679995174534,0.009976851851851851,0.0004166666666666667,0.010393518518518517,0.0004967692263364054
900.0,0.012352190438704993,0.012430555555555556,0.00032407407407407406,0.01275462962962963,0.0005490309772946419
900.5,0.015375557436060994,0.01425925925925926,0.0002314814814814815,0.014490740740740742,0.0005844850479103428
901.0,0.011644866053268295,0.012129629629629629,0.00034722222222222224,0.012476851851851852,0.0005431436024449208
901.5,0.012064577801408223,0.011782407407407408,0.0004166666666666667,0.012199074074074074,0.0005371917085404268
902.0,0.008823336498340275,0.008055555555555555,0.00037037037037037035,0.008425925925925925,0.0004485906144875733
902.5,0.009320701129717552,0.008680555555555556,0.00034722222222222224,0.009027777777777779,0.00046385913296629466
903.0,0.010470643136319496,0.010069444444444445,0.0002546296296296296,0.010324074074074074,0.0004951486180398821
903.5,0.011699179166188614,0.011527777777777777,0.0004166666666666667,0.011944444444444443,0.0005316772774296529
904.0,0.015674947165595303,0.01513888888888889,0.0004398148148148148,0.015578703703703704,0.0006056460179652142
904.5,0.010970654535560601,0.010555555555555556,0.00030092592592592595,0.010856481481481483,0.0005074410305529533
905.0,0.008813462172770325,0.009467592592592593,0.00016203703703703703,0.00962962962962963,0.0004786408372319966
905.5,0.008735895823039958,0.007916666666666667,0.00018518518518518518,0.008101851851851853,0.0004401497753364167
906.0,0.009879074744101135,0.009953703703703704,0.00032407407407407406,0.010277777777777778,0.0004940652592739423
906.5,0.008575609642690425,0.008773148148148148,0.0002777777777777778,0.009050925925925926,0.00046443635947127483
907.0,0.008264730517783767,0.008148148148148147,0.0002314814814814815,0.00837962962962963,0.0004473945304549011
907.5,0.015123283033625435,0.015300925925925926,0.0001388888888888889,0.015439814814814814,0.0006029859687430453
908.0,0.014023515639739463,0.014282407407407407,0.0004166666666666667,0.014699074074074073,0.0005885960432206057
908.5,0.016139516958355943,0.016087962962962964,0.00030092592592592595,0.01638888888888889,0.0006209358950577926
909.0,0.013749532150527195,0.013796296296296296,0.0002314814814814815,0.014027777777777778,0.0005752443272010454
909.5,0.01141100268909042,0.01099537037037037,0.0002546296296296296,0.01125,0.0005163386722436637
910.0,0.007601898882616124,0.0077777777777777776,0.00016203703703703703,0.007939814814814814,0.0004358680619062123
910.5,0.007126762538968908,0.007337962962962963,0.00032407407407407406,0.007662037037037037,0.0004284284377088131
911.0,0.006442232960752335,0.006458333333333333,0.0002314814814814815,0.006689814814814815,0.00040130509865274897
911.5,0.006035951409583436,0.005833333333333334,0.00032407407407407406,0.0061574074074074074,0.00038564431366591473
912.0,0.007008382767055471,0.007060185185185185,0.00018518518518518518,0.00724537037037037,0.00041702022074381395
912.5,0.0077790349175180075,0.007824074074074074,0.00018518518518518518,0.00800925925925926,0.00043770821065858886
